timestamp,host,message,log_type,service,raw_status,user,ip_address,calling_user,target_user,command
Mar 27 13:06:56,10-77-20-248,sshd[1291]: Server listening on 0.0.0.0 port 22.,unknown pattern,,,,,,,
Mar 27 13:06:56,10-77-20-248,sshd[1291]: Server listening on :: port 22.,unknown pattern,,,,,,,
Mar 27 13:06:56,10-77-20-248,systemd-logind[1118]: Watching system buttons on /dev/input/event0 (Power Button),unknown pattern,,,,,,,
Mar 27 13:06:56,10-77-20-248,systemd-logind[1118]: Watching system buttons on /dev/input/event1 (Sleep Button),unknown pattern,,,,,,,
Mar 27 13:06:56,10-77-20-248,systemd-logind[1118]: New seat seat0.,unknown pattern,,,,,,,
Mar 27 13:08:09,10-77-20-248,,ssh_login,sshd[1361],Accepted publickey,ubuntu,85.245.107.41,,,
Mar 27 13:08:09,10-77-20-248,,pam_session,sshd[1361],session opened,ubuntu,,,,
Mar 27 13:08:09,10-77-20-248,,pam_session,systemd,session opened,ubuntu,,,,
Mar 27 13:08:09,10-77-20-248,systemd-logind[1118]: New session 1 of user ubuntu.,unknown pattern,,,,,,,
Mar 27 13:09:37,10-77-20-248,,sudo,sudo,,,,ubuntu,root,/usr/bin/curl -L -O https://artifacts.elastic.co/downloads/beats/filebeat/filebeat-5.2.2-amd64.deb
Mar 27 13:09:37,10-77-20-248,,pam_session,sudo,session opened,root,,,,
Mar 27 13:09:38,10-77-20-248,,pam_session,sudo,session closed,root,,,,
Mar 27 13:10:08,10-77-20-248,,sudo,sudo,,,,ubuntu,root,/usr/bin/apt-key add -
Mar 27 13:10:08,10-77-20-248,,pam_session,sudo,session opened,root,,,,
Mar 27 13:10:09,10-77-20-248,,pam_session,sudo,session closed,root,,,,
Mar 27 13:10:14,10-77-20-248,,sudo,sudo,,,,ubuntu,root,/usr/bin/apt-get install apt-transport-https
Mar 27 13:10:14,10-77-20-248,,pam_session,sudo,session opened,root,,,,
Mar 27 13:10:14,10-77-20-248,,pam_session,sudo,session closed,root,,,,
Mar 27 13:10:18,10-77-20-248,,sudo,sudo,,,,ubuntu,root,/usr/bin/tee -a /etc/apt/sources.list.d/elastic-5.x.list
Mar 27 13:10:18,10-77-20-248,,pam_session,sudo,session opened,root,,,,
Mar 27 13:10:18,10-77-20-248,,pam_session,sudo,session closed,root,,,,
Mar 27 13:10:24,10-77-20-248,,sudo,sudo,,,,ubuntu,root,/usr/bin/apt-get update
Mar 27 13:10:24,10-77-20-248,,pam_session,sudo,session opened,root,,,,
Mar 27 13:10:28,10-77-20-248,,pam_session,sudo,session closed,root,,,,
Mar 27 13:10:28,10-77-20-248,,sudo,sudo,,,,ubuntu,root,/usr/bin/apt-get install filebeat
Mar 27 13:10:28,10-77-20-248,,pam_session,sudo,session opened,root,,,,
Mar 27 13:10:33,10-77-20-248,,pam_session,sudo,session closed,root,,,,
Mar 27 13:10:53,10-77-20-248,,sudo,sudo,,,,ubuntu,root,/usr/sbin/update-rc.d filebeat defaults 95 10
Mar 27 13:10:53,10-77-20-248,,pam_session,sudo,session opened,root,,,,
Mar 27 13:10:53,10-77-20-248,,pam_session,sudo,session closed,root,,,,
Mar 27 13:11:31,10-77-20-248,,sudo,sudo,,,,ubuntu,root,/usr/bin/apt-get update
Mar 27 13:11:31,10-77-20-248,,pam_session,sudo,session opened,root,,,,
Mar 27 13:11:33,10-77-20-248,,pam_session,sudo,session closed,root,,,,
Mar 27 13:11:34,10-77-20-248,,sudo,sudo,,,,ubuntu,root,/usr/bin/apt-get update
Mar 27 13:11:34,10-77-20-248,,pam_session,sudo,session opened,root,,,,
Mar 27 13:11:35,10-77-20-248,,pam_session,sudo,session closed,root,,,,
Mar 27 13:11:35,10-77-20-248,,sudo,sudo,,,,ubuntu,root,/usr/bin/apt-get install packetbeat
Mar 27 13:11:35,10-77-20-248,,pam_session,sudo,session opened,root,,,,
Mar 27 13:11:39,10-77-20-248,,pam_session,sudo,session closed,root,,,,
Mar 27 13:17:01,10-77-20-248,,pam_session,CRON[2623],session opened,root,,,,
Mar 27 13:17:01,10-77-20-248,,pam_session,CRON[2623],session closed,root,,,,
Mar 27 13:23:11,10-77-20-248,,sudo,sudo,,,,ubuntu,root,/usr/sbin/update-rc.d packetbeat defaults 95 10
Mar 27 13:23:11,10-77-20-248,,pam_session,sudo,session opened,root,,,,
Mar 27 13:23:11,10-77-20-248,,pam_session,sudo,session closed,root,,,,
Mar 27 13:25:20,10-77-20-248,,sudo,sudo,,,,ubuntu,root,/usr/bin/vim /etc/packetbeat/packetbeat.yml
Mar 27 13:25:20,10-77-20-248,,pam_session,sudo,session opened,root,,,,
Mar 27 13:28:00,10-77-20-248,,pam_session,sudo,session closed,root,,,,
Mar 27 13:28:22,10-77-20-248,,sudo,sudo,,,,ubuntu,root,/usr/bin/vim /etc/packetbeat/packetbeat.yml
Mar 27 13:28:22,10-77-20-248,,pam_session,sudo,session opened,root,,,,
Mar 27 13:41:35,10-77-20-248,,pam_session,sudo,session closed,root,,,,
Mar 27 13:41:39,10-77-20-248,,sudo,sudo,,,,ubuntu,root,/usr/bin/vim /etc/packetbeat/packetbeat.yml
Mar 27 13:41:39,10-77-20-248,,pam_session,sudo,session opened,root,,,,
Mar 27 13:41:49,10-77-20-248,,pam_session,sudo,session closed,root,,,,
Mar 27 13:42:46,10-77-20-248,,sudo,sudo,,,,ubuntu,root,/usr/bin/vim /etc/packetbeat/packetbeat.yml
Mar 27 13:42:46,10-77-20-248,,pam_session,sudo,session opened,root,,,,
Mar 27 13:42:57,10-77-20-248,,pam_session,sudo,session closed,root,,,,
Mar 27 13:43:06,10-77-20-248,,sudo,sudo,,,,ubuntu,root,/usr/bin/vim /etc/packetbeat/packetbeat.yml
Mar 27 13:43:06,10-77-20-248,,pam_session,sudo,session opened,root,,,,
Mar 27 13:43:09,10-77-20-248,,pam_session,sudo,session closed,root,,,,
Mar 27 13:43:14,10-77-20-248,,sudo,sudo,,,,ubuntu,root,/usr/bin/vim /etc/hostname
Mar 27 13:43:14,10-77-20-248,,pam_session,sudo,session opened,root,,,,
Mar 27 13:43:18,10-77-20-248,,pam_session,sudo,session closed,root,,,,
Mar 27 13:43:21,10-77-20-248,,sudo,sudo,,,,ubuntu,root,/usr/bin/vim /etc/hosts
Mar 27 13:43:21,10-77-20-248,,pam_session,sudo,session opened,root,,,,
Mar 27 13:43:29,10-77-20-248,,pam_session,sudo,session closed,root,,,,
Mar 27 13:43:33,10-77-20-248,,sudo,sudo,,,,ubuntu,root,/bin/hostname ip-10-77-20-248
Mar 27 13:43:33,10-77-20-248,,pam_session,sudo,session opened,root,,,,
Mar 27 13:43:33,10-77-20-248,,pam_session,sudo,session closed,root,,,,
Mar 27 13:44:05,10-77-20-248,,sudo,sudo,,,,ubuntu,root,/usr/bin/hostnamectl ip-10-77-20-248
Mar 27 13:44:05,10-77-20-248,,pam_session,sudo,session opened,root,,,,
Mar 27 13:44:05,10-77-20-248,,pam_session,sudo,session closed,root,,,,
Mar 27 13:44:16,10-77-20-248,,sudo,sudo,,,,ubuntu,root,/usr/bin/hostnamectl set-hostname ip-10-77-20-248
Mar 27 13:44:16,10-77-20-248,,pam_session,sudo,session opened,root,,,,
Mar 27 13:44:16,10-77-20-248,,pam_session,sudo,session closed,root,,,,
Mar 27 13:44:19,10-77-20-248,,received_disconnect,sshd[1418],Received disconnect,,85.245.107.41,,,
Mar 27 13:44:19,10-77-20-248,,disconnected,sshd[1418],Disconnected,8,5.245.107.41,,,
Mar 27 13:44:19,10-77-20-248,,pam_session,sshd[1361],session closed,ubuntu,,,,
Mar 27 13:44:19,10-77-20-248,systemd-logind[1118]: Removed session 1.,unknown pattern,,,,,,,
Mar 27 13:44:20,10-77-20-248,,ssh_login,sshd[2818],Accepted publickey,ubuntu,85.245.107.41,,,
Mar 27 13:44:20,10-77-20-248,,pam_session,sshd[2818],session opened,ubuntu,,,,
Mar 27 13:44:20,10-77-20-248,,pam_session,systemd,session opened,ubuntu,,,,
Mar 27 13:44:20,10-77-20-248,systemd-logind[1118]: New session 3 of user ubuntu.,unknown pattern,,,,,,,
Mar 27 13:44:29,10-77-20-248,,sudo,sudo,,,,ubuntu,root,/usr/sbin/service packetbeat start
Mar 27 13:44:29,10-77-20-248,,pam_session,sudo,session opened,root,,,,
Mar 27 13:44:29,10-77-20-248,,pam_session,sudo,session closed,root,,,,
Mar 27 14:01:39,10-77-20-248,sshd[2938]: error: maximum authentication attempts exceeded for root from 122.176.37.221 port 37107 ssh2 [preauth],unknown pattern,,,,,,,
Mar 27 14:01:39,10-77-20-248,sshd[2938]: Disconnecting: Too many authentication failures [preauth],unknown pattern,,,,,,,
Mar 27 14:02:16,10-77-20-248,,received_disconnect,sshd[2856],Received disconnect,,85.245.107.41,,,
Mar 27 14:02:16,10-77-20-248,,disconnected,sshd[2856],Disconnected,8,5.245.107.41,,,
Mar 27 14:02:16,10-77-20-248,,pam_session,sshd[2818],session closed,ubuntu,,,,
Mar 27 14:02:16,10-77-20-248,systemd-logind[1118]: Removed session 3.,unknown pattern,,,,,,,
Mar 27 14:04:09,10-77-20-248,sshd[2951]: Bad protocol version identification '' from 85.245.107.41 port 55172,unknown pattern,,,,,,,
Mar 27 14:17:01,10-77-20-248,,pam_session,CRON[2952],session opened,root,,,,
Mar 27 14:17:01,10-77-20-248,,pam_session,CRON[2952],session closed,root,,,,
Mar 27 14:18:36,10-77-20-248,sshd[2955]: Bad protocol version identification '' from 85.245.107.41 port 56709,unknown pattern,,,,,,,
Mar 27 14:54:57,10-77-20-248,,invalid_user_proper,sshd[2967],Invalid user,support,95.152.57.58,,,
Mar 27 14:54:57,10-77-20-248,,invalid_user_userauth,sshd[2967],invalid user,support,,,,
Mar 27 14:54:58,10-77-20-248,sshd[2967]: error: maximum authentication attempts exceeded for invalid user support from 95.152.57.58 port 53679 ssh2 [preauth],unknown pattern,,,,,,,
Mar 27 14:54:58,10-77-20-248,sshd[2967]: Disconnecting: Too many authentication failures [preauth],unknown pattern,,,,,,,
Mar 27 15:17:01,10-77-20-248,,pam_session,CRON[2980],session opened,root,,,,
Mar 27 15:17:01,10-77-20-248,,pam_session,CRON[2980],session closed,root,,,,
Mar 27 15:30:59,10-77-20-248,sshd[2995]: Did not receive identification string from 209.160.24.191,unknown pattern,,,,,,,
Mar 27 15:46:53,10-77-20-248,sshd[2996]: error: maximum authentication attempts exceeded for root from 90.144.183.19 port 57648 ssh2 [preauth],unknown pattern,,,,,,,
Mar 27 15:46:53,10-77-20-248,sshd[2996]: Disconnecting: Too many authentication failures [preauth],unknown pattern,,,,,,,
Mar 27 15:48:29,10-77-20-248,,ssh_login,sshd[2998],Accepted publickey,ubuntu,85.245.107.41,,,
Mar 27 15:48:29,10-77-20-248,,pam_session,sshd[2998],session opened,ubuntu,,,,
Mar 27 15:48:29,10-77-20-248,,pam_session,systemd,session opened,ubuntu,,,,
Mar 27 15:48:29,10-77-20-248,systemd-logind[1118]: New session 6 of user ubuntu.,unknown pattern,,,,,,,
Mar 27 15:49:20,10-77-20-248,,sudo,sudo,,,,ubuntu,root,/usr/bin/dpkg -i filebeat-5.3.0-amd64.deb
Mar 27 15:49:20,10-77-20-248,,pam_session,sudo,session opened,root,,,,
Mar 27 15:49:21,10-77-20-248,,pam_session,sudo,session closed,root,,,,
Mar 27 15:59:42,10-77-20-248,sshd[3242]: error: maximum authentication attempts exceeded for root from 186.128.152.44 port 34605 ssh2 [preauth],unknown pattern,,,,,,,
Mar 27 15:59:42,10-77-20-248,sshd[3242]: Disconnecting: Too many authentication failures [preauth],unknown pattern,,,,,,,
Mar 27 16:02:57,10-77-20-248,,sudo,sudo,,,,ubuntu,root,/usr/bin/vim /etc/filebeat/filebeat.yml
Mar 27 16:02:57,10-77-20-248,,pam_session,sudo,session opened,root,,,,
Mar 27 16:03:19,10-77-20-248,,pam_session,sudo,session closed,root,,,,
Mar 27 16:04:18,10-77-20-248,,sudo,sudo,,,,ubuntu,root,/usr/bin/vim /etc/filebeat/filebeat.yml
Mar 27 16:04:18,10-77-20-248,,pam_session,sudo,session opened,root,,,,
Mar 27 16:04:29,10-77-20-248,,pam_session,sudo,session closed,root,,,,
Mar 27 16:05:03,10-77-20-248,,sudo,sudo,,,,ubuntu,root,./filebeat -e -setup -modules=system -c /etc/filebeat/filebeat.yml
Mar 27 16:05:03,10-77-20-248,,pam_session,sudo,session opened,root,,,,
Mar 27 16:05:03,10-77-20-248,,pam_session,sudo,session closed,root,,,,
Mar 27 16:10:32,10-77-20-248,,sudo,sudo,,,,ubuntu,root,/usr/bin/vim /etc/filebeat/filebeat.yml
Mar 27 16:10:32,10-77-20-248,,pam_session,sudo,session opened,root,,,,
Mar 27 16:10:46,10-77-20-248,,pam_session,sudo,session closed,root,,,,
Mar 27 16:11:05,10-77-20-248,,sudo,sudo,,,,ubuntu,root,/usr/bin/vim /etc/filebeat/filebeat.yml
Mar 27 16:11:05,10-77-20-248,,pam_session,sudo,session opened,root,,,,
Mar 27 16:12:10,10-77-20-248,,pam_session,sudo,session closed,root,,,,
Mar 27 16:12:19,10-77-20-248,,sudo,sudo,,,,ubuntu,root,/usr/bin/vim /etc/filebeat/filebeat.yml
Mar 27 16:12:19,10-77-20-248,,pam_session,sudo,session opened,root,,,,
Mar 27 16:12:42,10-77-20-248,,pam_session,sudo,session closed,root,,,,
Mar 27 16:12:46,10-77-20-248,,sudo,sudo,,,,ubuntu,root,/usr/bin/vim /etc/filebeat/filebeat.yml
Mar 27 16:12:46,10-77-20-248,,pam_session,sudo,session opened,root,,,,
Mar 27 16:13:46,10-77-20-248,,pam_session,sudo,session closed,root,,,,
Mar 27 16:14:29,10-77-20-248,,sudo,sudo,,,,ubuntu,root,/usr/bin/vim /etc/filebeat/filebeat.yml
Mar 27 16:14:29,10-77-20-248,,pam_session,sudo,session opened,root,,,,
Mar 27 16:14:38,10-77-20-248,,pam_session,sudo,session closed,root,,,,
Mar 27 16:14:39,10-77-20-248,,sudo,sudo,,,,ubuntu,root,/usr/bin/vim /etc/filebeat/filebeat.yml
Mar 27 16:14:39,10-77-20-248,,pam_session,sudo,session opened,root,,,,
Mar 27 16:14:52,10-77-20-248,,pam_session,sudo,session closed,root,,,,
Mar 27 16:16:06,10-77-20-248,,received_disconnect,sshd[3453],Received disconnect,,218.65.30.53,,,
Mar 27 16:16:06,10-77-20-248,,disconnected,sshd[3453],Disconnected,21,8.65.30.53,,,
Mar 27 16:16:19,10-77-20-248,,sudo,sudo,,,,ubuntu,root,/usr/bin/vim /etc/filebeat/filebeat.yml
Mar 27 16:16:19,10-77-20-248,,pam_session,sudo,session opened,root,,,,
Mar 27 16:16:27,10-77-20-248,,pam_session,sudo,session closed,root,,,,
Mar 27 16:16:33,10-77-20-248,,sudo,sudo,,,,ubuntu,root,/usr/sbin/service filebeat start
Mar 27 16:16:33,10-77-20-248,,pam_session,sudo,session opened,root,,,,
Mar 27 16:16:34,10-77-20-248,,pam_session,sudo,session closed,root,,,,
Mar 27 16:16:42,10-77-20-248,,sudo,sudo,,,,ubuntu,root,/bin/su
Mar 27 16:16:42,10-77-20-248,,pam_session,sudo,session opened,root,,,,
Mar 27 16:16:42,10-77-20-248,su[3537]: Successful su for root by root,unknown pattern,,,,,,,
Mar 27 16:16:42,10-77-20-248,su[3537]: + /dev/pts/0 root:root,unknown pattern,,,,,,,
Mar 27 16:16:42,10-77-20-248,,pam_session,su[3537],session opened,root,,,,
Mar 27 16:16:42,10-77-20-248,su[3537]: pam_systemd(su:session): Cannot create session: Already running in a session,unknown pattern,,,,,,,
Mar 27 16:17:01,10-77-20-248,,pam_session,CRON[3550],session opened,root,,,,
Mar 27 16:17:01,10-77-20-248,,pam_session,CRON[3550],session closed,root,,,,
Mar 27 16:17:24,10-77-20-248,,pam_session,su[3537],session closed,root,,,,
Mar 27 16:17:24,10-77-20-248,,pam_session,sudo,session closed,root,,,,
Mar 27 16:17:29,10-77-20-248,,sudo,sudo,,,,ubuntu,root,/usr/sbin/service filebeat stop
Mar 27 16:17:29,10-77-20-248,,pam_session,sudo,session opened,root,,,,
Mar 27 16:17:29,10-77-20-248,,pam_session,sudo,session closed,root,,,,
Mar 27 16:17:31,10-77-20-248,,sudo,sudo,,,,ubuntu,root,/usr/sbin/service filebeat start
Mar 27 16:17:31,10-77-20-248,,pam_session,sudo,session opened,root,,,,
Mar 27 16:17:32,10-77-20-248,,pam_session,sudo,session closed,root,,,,
Mar 27 16:17:35,10-77-20-248,,sudo,sudo,,,,ubuntu,root,/bin/su
Mar 27 16:17:35,10-77-20-248,,pam_session,sudo,session opened,root,,,,
Mar 27 16:17:35,10-77-20-248,su[3659]: Successful su for root by root,unknown pattern,,,,,,,
Mar 27 16:17:35,10-77-20-248,su[3659]: + /dev/pts/0 root:root,unknown pattern,,,,,,,
Mar 27 16:17:35,10-77-20-248,,pam_session,su[3659],session opened,root,,,,
Mar 27 16:17:35,10-77-20-248,su[3659]: pam_systemd(su:session): Cannot create session: Already running in a session,unknown pattern,,,,,,,
Mar 27 16:23:46,10-77-20-248,,received_disconnect,sshd[3731],Received disconnect,,89.97.55.33,,,
Mar 27 16:23:46,10-77-20-248,,disconnected,sshd[3731],Disconnected,8,9.97.55.33,,,
Mar 27 16:29:06,10-77-20-248,,pam_session,su[3659],session closed,root,,,,
Mar 27 16:29:06,10-77-20-248,,pam_session,sudo,session closed,root,,,,
Mar 27 16:29:09,10-77-20-248,,sudo,sudo,,,,ubuntu,root,/usr/bin/vim /etc/filebeat/filebeat.yml
Mar 27 16:29:09,10-77-20-248,,pam_session,sudo,session opened,root,,,,
Mar 27 16:30:57,10-77-20-248,,pam_session,sudo,session closed,root,,,,
Mar 27 16:31:03,10-77-20-248,,sudo,sudo,,,,ubuntu,root,/usr/sbin/service filebeat start
Mar 27 16:31:03,10-77-20-248,,pam_session,sudo,session opened,root,,,,
Mar 27 16:31:03,10-77-20-248,,pam_session,sudo,session closed,root,,,,
Mar 27 16:31:07,10-77-20-248,,sudo,sudo,,,,ubuntu,root,/bin/su
Mar 27 16:31:07,10-77-20-248,,pam_session,sudo,session opened,root,,,,
Mar 27 16:31:07,10-77-20-248,su[3985]: Successful su for root by root,unknown pattern,,,,,,,
Mar 27 16:31:07,10-77-20-248,su[3985]: + /dev/pts/0 root:root,unknown pattern,,,,,,,
Mar 27 16:31:07,10-77-20-248,,pam_session,su[3985],session opened,root,,,,
Mar 27 16:31:07,10-77-20-248,su[3985]: pam_systemd(su:session): Cannot create session: Already running in a session,unknown pattern,,,,,,,
Mar 27 16:50:03,10-77-20-248,,sudo,sudo,,,,root,root,/usr/bin/apt-get install zip
Mar 27 16:50:03,10-77-20-248,,pam_session,sudo,session opened,root,,,,
Mar 27 16:50:12,10-77-20-248,,pam_session,sudo,session closed,root,,,,
Mar 27 16:51:21,10-77-20-248,,pam_session,su[3985],session closed,root,,,,
Mar 27 16:51:21,10-77-20-248,,pam_session,sudo,session closed,root,,,,
Mar 27 16:53:45,10-77-20-248,,sudo,sudo,,,,ubuntu,root,/usr/bin/vim /etc/filebeat/filebeat.yml
Mar 27 16:53:45,10-77-20-248,,pam_session,sudo,session opened,root,,,,
Mar 27 16:53:51,10-77-20-248,,pam_session,sudo,session closed,root,,,,
Mar 27 16:54:49,10-77-20-248,,sudo,sudo,,,,ubuntu,root,/usr/share/filebeat/bin/filebeat -setup system
Mar 27 16:54:49,10-77-20-248,,pam_session,sudo,session opened,root,,,,
Mar 27 16:54:49,10-77-20-248,,pam_session,sudo,session closed,root,,,,
Mar 27 16:55:03,10-77-20-248,,sudo,sudo,,,,ubuntu,root,/usr/share/filebeat/bin/filebeat -setup system -c filebeat.yml
Mar 27 16:55:03,10-77-20-248,,pam_session,sudo,session opened,root,,,,
Mar 27 16:55:03,10-77-20-248,,pam_session,sudo,session closed,root,,,,
Mar 27 16:55:23,10-77-20-248,,sudo,sudo,,,,ubuntu,root,/bin/cp filebeat.template.json /usr/share/filebeat/bin/filebeat.template.json
Mar 27 16:55:23,10-77-20-248,,pam_session,sudo,session opened,root,,,,
Mar 27 16:55:23,10-77-20-248,,pam_session,sudo,session closed,root,,,,
Mar 27 16:55:26,10-77-20-248,,sudo,sudo,,,,ubuntu,root,/usr/share/filebeat/bin/filebeat -setup system -c filebeat.yml
Mar 27 16:55:26,10-77-20-248,,pam_session,sudo,session opened,root,,,,
Mar 27 16:55:26,10-77-20-248,,pam_session,sudo,session closed,root,,,,
Mar 27 16:55:56,10-77-20-248,,sudo,sudo,,,,ubuntu,root,/bin/cp filebeat.template-es2x.json /usr/share/filebeat/bin/
Mar 27 16:55:56,10-77-20-248,,pam_session,sudo,session opened,root,,,,
Mar 27 16:55:56,10-77-20-248,,pam_session,sudo,session closed,root,,,,
Mar 27 16:56:00,10-77-20-248,,sudo,sudo,,,,ubuntu,root,/usr/share/filebeat/bin/filebeat -setup system -c filebeat.yml
Mar 27 16:56:00,10-77-20-248,,pam_session,sudo,session opened,root,,,,
Mar 27 16:56:00,10-77-20-248,,pam_session,sudo,session closed,root,,,,
Mar 27 16:56:27,10-77-20-248,,received_disconnect,sshd[14299],Received disconnect,,94.177.177.106,,,
Mar 27 16:56:27,10-77-20-248,,disconnected,sshd[14299],Disconnected,9,4.177.177.106,,,
Mar 27 16:58:31,10-77-20-248,,sudo,sudo,,,,ubuntu,root,/usr/bin/filebeat.sh -e -modules=system -setup
Mar 27 16:58:31,10-77-20-248,,pam_session,sudo,session opened,root,,,,
Mar 27 16:58:32,10-77-20-248,,pam_session,sudo,session closed,root,,,,
Mar 27 16:59:01,10-77-20-248,,sudo,sudo,,,,ubuntu,root,/bin/rm filebeat.template-es2x.json filebeat.template.json
Mar 27 16:59:01,10-77-20-248,,pam_session,sudo,session opened,root,,,,
Mar 27 16:59:01,10-77-20-248,,pam_session,sudo,session closed,root,,,,
Mar 27 16:59:27,10-77-20-248,,sudo,sudo,,,,ubuntu,root,./filebeat -e -modules=system -setup
Mar 27 16:59:27,10-77-20-248,,pam_session,sudo,session opened,root,,,,
Mar 27 16:59:27,10-77-20-248,,pam_session,sudo,session closed,root,,,,
Mar 27 16:59:47,10-77-20-248,,sudo,sudo,,,,ubuntu,root,/usr/bin/filebeat.sh -e -modules=system -setup
Mar 27 16:59:47,10-77-20-248,,pam_session,sudo,session opened,root,,,,
Mar 27 16:59:47,10-77-20-248,,pam_session,sudo,session closed,root,,,,
Mar 27 17:02:13,10-77-20-248,,sudo,sudo,,,,ubuntu,root,/usr/bin/filebeat.sh -e -modules=system -setup -E dashboards.url=https://staging.elastic.co/5.3.0-d5b30bd7/downloads/beats/beats-dashboards/beats-dashboards-5.3.0.zip
Mar 27 17:02:13,10-77-20-248,,pam_session,sudo,session opened,root,,,,
Mar 27 17:02:14,10-77-20-248,,pam_session,sudo,session closed,root,,,,
Mar 27 17:02:46,10-77-20-248,,sudo,sudo,,,,ubuntu,root,/usr/bin/vim /etc/filebeat/filebeat.yml
Mar 27 17:02:46,10-77-20-248,,pam_session,sudo,session opened,root,,,,
Mar 27 17:03:36,10-77-20-248,,pam_session,sudo,session closed,root,,,,
Mar 27 17:04:12,10-77-20-248,,sudo,sudo,,,,ubuntu,root,/usr/bin/vim /etc/filebeat/filebeat.yml
Mar 27 17:04:12,10-77-20-248,,pam_session,sudo,session opened,root,,,,
Mar 27 17:04:26,10-77-20-248,,pam_session,sudo,session closed,root,,,,
Mar 27 17:04:29,10-77-20-248,,sudo,sudo,,,,ubuntu,root,/usr/bin/filebeat.sh -e -modules=system -setup -E dashboards.url=https://staging.elastic.co/5.3.0-d5b30bd7/downloads/beats/beats-dashboards/beats-dashboards-5.3.0.zip
Mar 27 17:04:29,10-77-20-248,,pam_session,sudo,session opened,root,,,,
Mar 27 17:04:44,10-77-20-248,,pam_session,sudo,session closed,root,,,,
Mar 27 17:04:51,10-77-20-248,,sudo,sudo,,,,ubuntu,root,/usr/sbin/service filebeat stop
Mar 27 17:04:51,10-77-20-248,,pam_session,sudo,session opened,root,,,,
Mar 27 17:04:51,10-77-20-248,,pam_session,sudo,session closed,root,,,,
Mar 27 17:04:53,10-77-20-248,,sudo,sudo,,,,ubuntu,root,/usr/sbin/service filebeat start
Mar 27 17:04:53,10-77-20-248,,pam_session,sudo,session opened,root,,,,
Mar 27 17:04:53,10-77-20-248,,pam_session,sudo,session closed,root,,,,
Mar 27 17:08:23,10-77-20-248,,received_disconnect,sshd[3058],Received disconnect,,85.245.107.41,,,
Mar 27 17:08:23,10-77-20-248,,disconnected,sshd[3058],Disconnected,8,5.245.107.41,,,
Mar 27 17:08:23,10-77-20-248,,pam_session,sshd[2998],session closed,ubuntu,,,,
Mar 27 17:08:23,10-77-20-248,systemd-logind[1118]: Removed session 6.,unknown pattern,,,,,,,
Mar 27 17:08:34,10-77-20-248,,invalid_user_proper,sshd[14514],Invalid user,test,85.245.107.41,,,
Mar 27 17:08:34,10-77-20-248,,invalid_user_userauth,sshd[14514],invalid user,test,,,,
Mar 27 17:08:34,10-77-20-248,sshd[14514]: Connection closed by 85.245.107.41 port 58980 [preauth],unknown pattern,,,,,,,
Mar 27 17:08:36,10-77-20-248,,ssh_login,sshd[14516],Accepted publickey,ubuntu,85.245.107.41,,,
Mar 27 17:08:36,10-77-20-248,,pam_session,sshd[14516],session opened,ubuntu,,,,
Mar 27 17:08:36,10-77-20-248,,pam_session,systemd,session opened,ubuntu,,,,
Mar 27 17:08:36,10-77-20-248,systemd-logind[1118]: New session 8 of user ubuntu.,unknown pattern,,,,,,,
Mar 27 17:09:26,10-77-20-248,,sudo,sudo,,,,ubuntu,root,/usr/sbin/service filebeat stop
Mar 27 17:09:26,10-77-20-248,,pam_session,sudo,session opened,root,,,,
Mar 27 17:09:26,10-77-20-248,,pam_session,sudo,session closed,root,,,,
Mar 27 17:10:15,10-77-20-248,,sudo,sudo,,,,ubuntu,root,/bin/rm /var/lib/filebeat/registry
Mar 27 17:10:15,10-77-20-248,,pam_session,sudo,session opened,root,,,,
Mar 27 17:10:15,10-77-20-248,,pam_session,sudo,session closed,root,,,,
Mar 27 17:12:43,10-77-20-248,,sudo,sudo,,,,ubuntu,root,/usr/bin/filebeat.sh -e -modules=system -setup -E dashboards.url=https://staging.elastic.co/5.3.0-d5b30bd7/downloads/beats/beats-dashboards/beats-dashboards-5.3.0.zip
Mar 27 17:12:43,10-77-20-248,,pam_session,sudo,session opened,root,,,,
Mar 27 17:15:41,10-77-20-248,,pam_session,sudo,session closed,root,,,,
Mar 27 17:17:01,10-77-20-248,,pam_session,CRON[14648],session opened,root,,,,
Mar 27 17:17:01,10-77-20-248,,pam_session,CRON[14648],session closed,root,,,,
Mar 27 17:26:16,10-77-20-248,sshd[14655]: Did not receive identification string from 113.108.21.16,unknown pattern,,,,,,,
Mar 27 17:26:46,10-77-20-248,,sudo,sudo,,,,ubuntu,root,/usr/bin/dpkg -i filebeat-6.0.0-alpha1-SNAPSHOT-amd64.deb
Mar 27 17:26:46,10-77-20-248,,pam_session,sudo,session opened,root,,,,
Mar 27 17:27:33,10-77-20-248,,pam_session,sudo,session closed,root,,,,
Mar 27 17:27:57,10-77-20-248,,sudo,sudo,,,,ubuntu,root,/usr/bin/dpkg -i filebeat-6.0.0-alpha1-SNAPSHOT-amd64.deb
Mar 27 17:27:57,10-77-20-248,,pam_session,sudo,session opened,root,,,,
Mar 27 17:28:02,10-77-20-248,,pam_session,sudo,session closed,root,,,,
Mar 27 17:28:40,10-77-20-248,,sudo,sudo,,,,ubuntu,root,/usr/bin/vim /etc/filebeat/filebeat.yml
Mar 27 17:28:40,10-77-20-248,,pam_session,sudo,session opened,root,,,,
Mar 27 17:29:15,10-77-20-248,,pam_session,sudo,session closed,root,,,,
Mar 27 17:31:29,10-77-20-248,,sudo,sudo,,,,ubuntu,root,/usr/bin/filebeat.sh -e -modules=system -setup -E dashboards.url=https://beats-nightlies.s3.amazonaws.com/dashboards/beats-dashboards-6.0.0-alpha1-SNAPSHOT.zip
Mar 27 17:31:29,10-77-20-248,,pam_session,sudo,session opened,root,,,,
Mar 27 17:31:29,10-77-20-248,,pam_session,sudo,session closed,root,,,,
Mar 27 17:31:46,10-77-20-248,,sudo,sudo,,,,ubuntu,root,/bin/chmod go-w /usr/share/filebeat/module/system/auth/manifest.yml
Mar 27 17:31:46,10-77-20-248,,pam_session,sudo,session opened,root,,,,
Mar 27 17:31:46,10-77-20-248,,pam_session,sudo,session closed,root,,,,
Mar 27 17:31:48,10-77-20-248,,sudo,sudo,,,,ubuntu,root,/usr/bin/filebeat.sh -e -modules=system -setup -E dashboards.url=https://beats-nightlies.s3.amazonaws.com/dashboards/beats-dashboards-6.0.0-alpha1-SNAPSHOT.zip
Mar 27 17:31:48,10-77-20-248,,pam_session,sudo,session opened,root,,,,
Mar 27 17:31:48,10-77-20-248,,pam_session,sudo,session closed,root,,,,
Mar 27 17:32:01,10-77-20-248,,sudo,sudo,,,,ubuntu,root,/bin/chmod go-w /usr/share/filebeat/module/system/syslog/manifest.yml
Mar 27 17:32:01,10-77-20-248,,pam_session,sudo,session opened,root,,,,
Mar 27 17:32:01,10-77-20-248,,pam_session,sudo,session closed,root,,,,
Mar 27 17:32:02,10-77-20-248,,sudo,sudo,,,,ubuntu,root,/usr/bin/filebeat.sh -e -modules=system -setup -E dashboards.url=https://beats-nightlies.s3.amazonaws.com/dashboards/beats-dashboards-6.0.0-alpha1-SNAPSHOT.zip
Mar 27 17:32:02,10-77-20-248,,pam_session,sudo,session opened,root,,,,
Mar 27 17:32:04,10-77-20-248,,pam_session,sudo,session closed,root,,,,
Mar 27 18:07:20,10-77-20-248,,sudo,sudo,,,,ubuntu,root,/usr/bin/filebeat.sh -e -modules=system -setup -E dashboards.url=https://beats-nightlies.s3.amazonaws.com/dashboards/beats-dashboards-6.0.0-alpha1-SNAPSHOT.zip
Mar 27 18:07:20,10-77-20-248,,pam_session,sudo,session opened,root,,,,
Mar 27 18:07:21,10-77-20-248,,pam_session,sudo,session closed,root,,,,
Mar 27 18:11:17,10-77-20-248,,sudo,sudo,,,,ubuntu,root,/usr/bin/filebeat.sh -e -modules=system -setup -E dashboards.url=https://beats-nightlies.s3.amazonaws.com/dashboards/beats-dashboards-6.0.0-alpha1-SNAPSHOT.zip
Mar 27 18:11:17,10-77-20-248,,pam_session,sudo,session opened,root,,,,
Mar 27 18:11:19,10-77-20-248,,pam_session,sudo,session closed,root,,,,
Mar 27 18:11:31,10-77-20-248,,sudo,sudo,,,,ubuntu,root,/usr/bin/filebeat.sh -e -modules=system -setup -E dashboards.url=https://beats-nightlies.s3.amazonaws.com/dashboards/beats-dashboards-6.0.0-alpha1-SNAPSHOT.zip
Mar 27 18:11:31,10-77-20-248,,pam_session,sudo,session opened,root,,,,
Mar 27 18:11:32,10-77-20-248,,pam_session,sudo,session closed,root,,,,
Mar 27 18:14:08,10-77-20-248,,sudo,sudo,,,,ubuntu,root,/usr/bin/filebeat.sh -e -modules=system -setup -E dashboards.url=https://beats-nightlies.s3.amazonaws.com/dashboards/beats-dashboards-6.0.0-alpha1-SNAPSHOT.zip
Mar 27 18:14:08,10-77-20-248,,pam_session,sudo,session opened,root,,,,
Mar 27 18:14:32,10-77-20-248,,pam_session,sudo,session closed,root,,,,
Mar 27 18:14:42,10-77-20-248,,sudo,sudo,,,,ubuntu,root,/bin/rm /var/lib/filebeat/registry
Mar 27 18:14:42,10-77-20-248,,pam_session,sudo,session opened,root,,,,
Mar 27 18:14:42,10-77-20-248,,pam_session,sudo,session closed,root,,,,
Mar 27 18:14:47,10-77-20-248,,sudo,sudo,,,,ubuntu,root,/usr/sbin/service filebeat restart
Mar 27 18:14:47,10-77-20-248,,pam_session,sudo,session opened,root,,,,
Mar 27 18:14:47,10-77-20-248,,pam_session,sudo,session closed,root,,,,
Mar 27 18:14:55,10-77-20-248,,sudo,sudo,,,,ubuntu,root,/bin/su
Mar 27 18:14:55,10-77-20-248,,pam_session,sudo,session opened,root,,,,
Mar 27 18:14:55,10-77-20-248,su[14896]: Successful su for root by root,unknown pattern,,,,,,,
Mar 27 18:14:55,10-77-20-248,su[14896]: + /dev/pts/0 root:root,unknown pattern,,,,,,,
Mar 27 18:14:55,10-77-20-248,,pam_session,su[14896],session opened,root,,,,
Mar 27 18:14:55,10-77-20-248,su[14896]: pam_systemd(su:session): Cannot create session: Already running in a session,unknown pattern,,,,,,,
Mar 27 18:17:01,10-77-20-248,,pam_session,CRON[14919],session opened,root,,,,
Mar 27 18:17:01,10-77-20-248,,pam_session,CRON[14919],session closed,root,,,,
Mar 27 18:22:24,10-77-20-248,,invalid_user_proper,sshd[14922],Invalid user,admin,201.177.23.130,,,
Mar 27 18:22:24,10-77-20-248,,invalid_user_userauth,sshd[14922],invalid user,admin,,,,
Mar 27 18:22:26,10-77-20-248,sshd[14922]: error: maximum authentication attempts exceeded for invalid user admin from 201.177.23.130 port 46784 ssh2 [preauth],unknown pattern,,,,,,,
Mar 27 18:22:26,10-77-20-248,sshd[14922]: Disconnecting: Too many authentication failures [preauth],unknown pattern,,,,,,,
Mar 27 18:27:18,10-77-20-248,sshd[14924]: error: maximum authentication attempts exceeded for root from 190.178.62.6 port 56562 ssh2 [preauth],unknown pattern,,,,,,,
Mar 27 18:27:18,10-77-20-248,sshd[14924]: Disconnecting: Too many authentication failures [preauth],unknown pattern,,,,,,,
Mar 27 18:27:19,10-77-20-248,sshd[14926]: error: maximum authentication attempts exceeded for root from 190.178.62.6 port 56567 ssh2 [preauth],unknown pattern,,,,,,,
Mar 27 18:27:19,10-77-20-248,sshd[14926]: Disconnecting: Too many authentication failures [preauth],unknown pattern,,,,,,,
Mar 27 18:27:20,10-77-20-248,,invalid_user_proper,sshd[14928],Invalid user,support,190.178.62.6,,,
Mar 27 18:27:20,10-77-20-248,,invalid_user_userauth,sshd[14928],invalid user,support,,,,
Mar 27 18:27:21,10-77-20-248,sshd[14928]: error: maximum authentication attempts exceeded for invalid user support from 190.178.62.6 port 56573 ssh2 [preauth],unknown pattern,,,,,,,
Mar 27 18:27:21,10-77-20-248,sshd[14928]: Disconnecting: Too many authentication failures [preauth],unknown pattern,,,,,,,
Mar 27 18:27:25,10-77-20-248,sshd[14930]: error: maximum authentication attempts exceeded for root from 190.178.62.6 port 56589 ssh2 [preauth],unknown pattern,,,,,,,
Mar 27 18:27:25,10-77-20-248,sshd[14930]: Disconnecting: Too many authentication failures [preauth],unknown pattern,,,,,,,
Mar 27 18:27:49,10-77-20-248,sshd[14932]: error: maximum authentication attempts exceeded for root from 190.178.62.6 port 56711 ssh2 [preauth],unknown pattern,,,,,,,
Mar 27 18:27:49,10-77-20-248,sshd[14932]: Disconnecting: Too many authentication failures [preauth],unknown pattern,,,,,,,
Mar 27 19:07:01,10-77-20-248,sshd[14945]: Did not receive identification string from 209.160.24.191,unknown pattern,,,,,,,
Mar 27 19:17:01,10-77-20-248,,pam_session,CRON[14959],session opened,root,,,,
Mar 27 19:17:01,10-77-20-248,,pam_session,CRON[14959],session closed,root,,,,
Mar 27 19:17:03,10-77-20-248,,invalid_user_proper,sshd[14957],Invalid user,admin,201.43.243.37,,,
Mar 27 19:17:03,10-77-20-248,,invalid_user_userauth,sshd[14957],invalid user,admin,,,,
Mar 27 19:17:05,10-77-20-248,sshd[14957]: error: maximum authentication attempts exceeded for invalid user admin from 201.43.243.37 port 3904 ssh2 [preauth],unknown pattern,,,,,,,
Mar 27 19:17:05,10-77-20-248,sshd[14957]: Disconnecting: Too many authentication failures [preauth],unknown pattern,,,,,,,
Mar 27 19:39:01,10-77-20-248,,pam_session,CRON[14973],session opened,root,,,,
Mar 27 19:39:01,10-77-20-248,,pam_session,CRON[14973],session closed,root,,,,
Mar 27 20:17:01,10-77-20-248,,pam_session,CRON[21216],session opened,root,,,,
Mar 27 20:17:01,10-77-20-248,,pam_session,CRON[21216],session closed,root,,,,
Mar 27 20:29:31,10-77-20-248,,pam_session,sshd[14516],session closed,ubuntu,,,,
Mar 27 20:29:31,10-77-20-248,,pam_session,su[14896],session closed,root,,,,
Mar 27 20:29:31,10-77-20-248,,pam_session,sudo,session closed,root,,,,
Mar 27 20:29:31,10-77-20-248,systemd-logind[1118]: Removed session 8.,unknown pattern,,,,,,,
Mar 27 20:33:04,10-77-20-248,,received_disconnect,sshd[21240],Received disconnect,,62.48.142.153,,,
Mar 27 20:33:04,10-77-20-248,,disconnected,sshd[21240],Disconnected,6,2.48.142.153,,,
Mar 27 20:36:49,10-77-20-248,sshd[21242]: error: maximum authentication attempts exceeded for root from 68.33.123.70 port 43002 ssh2 [preauth],unknown pattern,,,,,,,
Mar 27 20:36:49,10-77-20-248,sshd[21242]: Disconnecting: Too many authentication failures [preauth],unknown pattern,,,,,,,
Mar 27 20:59:37,10-77-20-248,sshd[21255]: error: maximum authentication attempts exceeded for root from 190.49.42.132 port 60882 ssh2 [preauth],unknown pattern,,,,,,,
Mar 27 20:59:37,10-77-20-248,sshd[21255]: Disconnecting: Too many authentication failures [preauth],unknown pattern,,,,,,,
Mar 27 21:17:01,10-77-20-248,,pam_session,CRON[21268],session opened,root,,,,
Mar 27 21:17:01,10-77-20-248,,pam_session,CRON[21268],session closed,root,,,,
Mar 27 22:02:41,10-77-20-248,,invalid_user_proper,sshd[21293],Invalid user,ftpuser,112.135.124.229,,,
Mar 27 22:02:41,10-77-20-248,,invalid_user_userauth,sshd[21293],invalid user,ftpuser,,,,
Mar 27 22:02:42,10-77-20-248,sshd[21293]: error: maximum authentication attempts exceeded for invalid user ftpuser from 112.135.124.229 port 45965 ssh2 [preauth],unknown pattern,,,,,,,
Mar 27 22:02:42,10-77-20-248,sshd[21293]: Disconnecting: Too many authentication failures [preauth],unknown pattern,,,,,,,
Mar 27 22:17:01,10-77-20-248,,pam_session,CRON[21295],session opened,root,,,,
Mar 27 22:17:01,10-77-20-248,,pam_session,CRON[21295],session closed,root,,,,
Mar 27 22:43:44,10-77-20-248,,invalid_user_proper,sshd[21309],Invalid user,admin,62.73.115.98,,,
Mar 27 22:43:44,10-77-20-248,,invalid_user_userauth,sshd[21309],invalid user,admin,,,,
Mar 27 22:43:45,10-77-20-248,sshd[21309]: error: maximum authentication attempts exceeded for invalid user admin from 62.73.115.98 port 2333 ssh2 [preauth],unknown pattern,,,,,,,
Mar 27 22:43:45,10-77-20-248,sshd[21309]: Disconnecting: Too many authentication failures [preauth],unknown pattern,,,,,,,
Mar 27 23:17:01,10-77-20-248,,pam_session,CRON[21322],session opened,root,,,,
Mar 27 23:17:01,10-77-20-248,,pam_session,CRON[21322],session closed,root,,,,
Mar 27 23:47:15,10-77-20-248,,invalid_user_proper,sshd[21347],Invalid user,default,2.60.103.231,,,
Mar 27 23:47:15,10-77-20-248,,invalid_user_userauth,sshd[21347],invalid user,default,,,,
Mar 27 23:47:15,10-77-20-248,sshd[21347]: error: maximum authentication attempts exceeded for invalid user default from 2.60.103.231 port 54339 ssh2 [preauth],unknown pattern,,,,,,,
Mar 27 23:47:15,10-77-20-248,sshd[21347]: Disconnecting: Too many authentication failures [preauth],unknown pattern,,,,,,,
Mar 28 00:17:01,10-77-20-248,,pam_session,CRON[21360],session opened,root,,,,
Mar 28 00:17:01,10-77-20-248,,pam_session,CRON[21360],session closed,root,,,,
Mar 28 00:24:59,10-77-20-248,sshd[21363]: error: maximum authentication attempts exceeded for root from 31.162.29.148 port 51156 ssh2 [preauth],unknown pattern,,,,,,,
Mar 28 00:24:59,10-77-20-248,sshd[21363]: Disconnecting: Too many authentication failures [preauth],unknown pattern,,,,,,,
Mar 28 00:49:58,10-77-20-248,sshd[21376]: error: maximum authentication attempts exceeded for root from 179.39.18.38 port 49361 ssh2 [preauth],unknown pattern,,,,,,,
Mar 28 00:49:58,10-77-20-248,sshd[21376]: Disconnecting: Too many authentication failures [preauth],unknown pattern,,,,,,,
Mar 28 01:02:17,10-77-20-248,sshd[21378]: error: maximum authentication attempts exceeded for root from 115.209.121.31 port 48499 ssh2 [preauth],unknown pattern,,,,,,,
Mar 28 01:02:17,10-77-20-248,sshd[21378]: Disconnecting: Too many authentication failures [preauth],unknown pattern,,,,,,,
Mar 28 01:17:01,10-77-20-248,,pam_session,CRON[21391],session opened,root,,,,
Mar 28 01:17:01,10-77-20-248,,pam_session,CRON[21391],session closed,root,,,,
Mar 28 02:01:05,10-77-20-248,sshd[21416]: error: maximum authentication attempts exceeded for root from 113.89.184.179 port 59117 ssh2 [preauth],unknown pattern,,,,,,,
Mar 28 02:01:05,10-77-20-248,sshd[21416]: Disconnecting: Too many authentication failures [preauth],unknown pattern,,,,,,,
Mar 28 02:17:01,10-77-20-248,,pam_session,CRON[21418],session opened,root,,,,
Mar 28 02:17:01,10-77-20-248,,pam_session,CRON[21418],session closed,root,,,,
Mar 28 02:43:55,10-77-20-248,sshd[21432]: error: maximum authentication attempts exceeded for root from 191.85.133.91 port 40387 ssh2 [preauth],unknown pattern,,,,,,,
Mar 28 02:43:55,10-77-20-248,sshd[21432]: Disconnecting: Too many authentication failures [preauth],unknown pattern,,,,,,,
Mar 28 02:43:57,10-77-20-248,sshd[21434]: error: maximum authentication attempts exceeded for root from 191.85.133.91 port 40392 ssh2 [preauth],unknown pattern,,,,,,,
Mar 28 02:43:57,10-77-20-248,sshd[21434]: Disconnecting: Too many authentication failures [preauth],unknown pattern,,,,,,,
Mar 28 02:43:59,10-77-20-248,sshd[21436]: error: maximum authentication attempts exceeded for root from 191.85.133.91 port 40396 ssh2 [preauth],unknown pattern,,,,,,,
Mar 28 02:43:59,10-77-20-248,sshd[21436]: Disconnecting: Too many authentication failures [preauth],unknown pattern,,,,,,,
Mar 28 02:44:02,10-77-20-248,sshd[21438]: error: maximum authentication attempts exceeded for root from 191.85.133.91 port 40421 ssh2 [preauth],unknown pattern,,,,,,,
Mar 28 02:44:02,10-77-20-248,sshd[21438]: Disconnecting: Too many authentication failures [preauth],unknown pattern,,,,,,,
Mar 28 03:17:01,10-77-20-248,,pam_session,CRON[21451],session opened,root,,,,
Mar 28 03:17:01,10-77-20-248,,pam_session,CRON[21451],session closed,root,,,,
Mar 28 03:26:10,10-77-20-248,,received_disconnect,sshd[21465],Received disconnect,,94.177.177.106,,,
Mar 28 03:26:10,10-77-20-248,,disconnected,sshd[21465],Disconnected,9,4.177.177.106,,,
Mar 28 03:43:35,10-77-20-248,,received_disconnect,sshd[21467],Received disconnect,,221.194.44.211,,,
Mar 28 03:43:35,10-77-20-248,,disconnected,sshd[21467],Disconnected,22,1.194.44.211,,,
Mar 28 03:45:15,10-77-20-248,,received_disconnect,sshd[21480],Received disconnect,,121.18.238.109,,,
Mar 28 03:45:15,10-77-20-248,,disconnected,sshd[21480],Disconnected,12,1.18.238.109,,,
Mar 28 03:46:08,10-77-20-248,,received_disconnect,sshd[21482],Received disconnect,,121.18.238.114,,,
Mar 28 03:46:08,10-77-20-248,,disconnected,sshd[21482],Disconnected,12,1.18.238.114,,,
Mar 28 03:52:05,10-77-20-248,,received_disconnect,sshd[21484],Received disconnect,,221.194.47.249,,,
Mar 28 03:52:05,10-77-20-248,,disconnected,sshd[21484],Disconnected,22,1.194.47.249,,,
Mar 28 03:53:40,10-77-20-248,,received_disconnect,sshd[21486],Received disconnect,,221.194.44.211,,,
Mar 28 03:53:40,10-77-20-248,,disconnected,sshd[21486],Disconnected,22,1.194.44.211,,,
Mar 28 03:55:49,10-77-20-248,,received_disconnect,sshd[21488],Received disconnect,,221.194.44.195,,,
Mar 28 03:55:49,10-77-20-248,,disconnected,sshd[21488],Disconnected,22,1.194.44.195,,,
Mar 28 03:56:51,10-77-20-248,sshd[21490]: error: maximum authentication attempts exceeded for root from 111.0.82.180 port 18307 ssh2 [preauth],unknown pattern,,,,,,,
Mar 28 03:56:51,10-77-20-248,sshd[21490]: Disconnecting: Too many authentication failures [preauth],unknown pattern,,,,,,,
Mar 28 04:10:01,10-77-20-248,,received_disconnect,sshd[21503],Received disconnect,,121.18.238.109,,,
Mar 28 04:10:01,10-77-20-248,,disconnected,sshd[21503],Disconnected,12,1.18.238.109,,,
Mar 28 04:12:08,10-77-20-248,,received_disconnect,sshd[21505],Received disconnect,,221.194.44.231,,,
Mar 28 04:12:08,10-77-20-248,,disconnected,sshd[21505],Disconnected,22,1.194.44.231,,,
Mar 28 04:16:50,10-77-20-248,,received_disconnect,sshd[21507],Received disconnect,,221.194.47.249,,,
Mar 28 04:16:50,10-77-20-248,,disconnected,sshd[21507],Disconnected,22,1.194.47.249,,,
Mar 28 04:17:01,10-77-20-248,,pam_session,CRON[21509],session opened,root,,,,
Mar 28 04:17:01,10-77-20-248,,pam_session,CRON[21509],session closed,root,,,,
Mar 28 04:22:13,10-77-20-248,,received_disconnect,sshd[21512],Received disconnect,,221.194.47.249,,,
Mar 28 04:22:13,10-77-20-248,,disconnected,sshd[21512],Disconnected,22,1.194.47.249,,,
Mar 28 04:24:25,10-77-20-248,,received_disconnect,sshd[21514],Received disconnect,,221.194.44.195,,,
Mar 28 04:24:25,10-77-20-248,,disconnected,sshd[21514],Disconnected,22,1.194.44.195,,,
Mar 28 04:29:25,10-77-20-248,,invalid_user_proper,sshd[21516],Invalid user,admin,31.162.4.186,,,
Mar 28 04:29:25,10-77-20-248,,invalid_user_userauth,sshd[21516],invalid user,admin,,,,
Mar 28 04:29:26,10-77-20-248,sshd[21516]: error: maximum authentication attempts exceeded for invalid user admin from 31.162.4.186 port 33558 ssh2 [preauth],unknown pattern,,,,,,,
Mar 28 04:29:26,10-77-20-248,sshd[21516]: Disconnecting: Too many authentication failures [preauth],unknown pattern,,,,,,,
Mar 28 04:38:00,10-77-20-248,,received_disconnect,sshd[21529],Received disconnect,,221.194.44.224,,,
Mar 28 04:38:00,10-77-20-248,,disconnected,sshd[21529],Disconnected,22,1.194.44.224,,,
Mar 28 04:39:15,10-77-20-248,,received_disconnect,sshd[21531],Received disconnect,,121.18.238.104,,,
Mar 28 04:39:15,10-77-20-248,,disconnected,sshd[21531],Disconnected,12,1.18.238.104,,,
Mar 28 04:39:22,10-77-20-248,,received_disconnect,sshd[21533],Received disconnect,,121.18.238.114,,,
Mar 28 04:39:22,10-77-20-248,,disconnected,sshd[21533],Disconnected,12,1.18.238.114,,,
Mar 28 04:51:05,10-77-20-248,,received_disconnect,sshd[21535],Received disconnect,,221.194.47.249,,,
Mar 28 04:51:05,10-77-20-248,,disconnected,sshd[21535],Disconnected,22,1.194.47.249,,,
Mar 28 04:51:58,10-77-20-248,,received_disconnect,sshd[21537],Received disconnect,,221.194.44.195,,,
Mar 28 04:51:58,10-77-20-248,,disconnected,sshd[21537],Disconnected,22,1.194.44.195,,,
Mar 28 04:56:38,10-77-20-248,sshd[21539]: error: maximum authentication attempts exceeded for root from 5.37.195.14 port 54208 ssh2 [preauth],unknown pattern,,,,,,,
Mar 28 04:56:38,10-77-20-248,sshd[21539]: Disconnecting: Too many authentication failures [preauth],unknown pattern,,,,,,,
Mar 28 05:04:39,10-77-20-248,,received_disconnect,sshd[21552],Received disconnect,,221.194.44.224,,,
Mar 28 05:04:39,10-77-20-248,,disconnected,sshd[21552],Disconnected,22,1.194.44.224,,,
Mar 28 05:06:09,10-77-20-248,,received_disconnect,sshd[21554],Received disconnect,,121.18.238.98,,,
Mar 28 05:06:09,10-77-20-248,,disconnected,sshd[21554],Disconnected,12,1.18.238.98,,,
Mar 28 05:06:55,10-77-20-248,,received_disconnect,sshd[21556],Received disconnect,,121.18.238.114,,,
Mar 28 05:06:55,10-77-20-248,,disconnected,sshd[21556],Disconnected,12,1.18.238.114,,,
Mar 28 05:08:12,10-77-20-248,,received_disconnect,sshd[21558],Received disconnect,,121.18.238.98,,,
Mar 28 05:08:12,10-77-20-248,,disconnected,sshd[21558],Disconnected,12,1.18.238.98,,,
Mar 28 05:17:01,10-77-20-248,,pam_session,CRON[21560],session opened,root,,,,
Mar 28 05:17:01,10-77-20-248,,pam_session,CRON[21560],session closed,root,,,,
Mar 28 05:17:05,10-77-20-248,,received_disconnect,sshd[21563],Received disconnect,,221.194.47.249,,,
Mar 28 05:17:05,10-77-20-248,,disconnected,sshd[21563],Disconnected,22,1.194.47.249,,,
Mar 28 05:17:45,10-77-20-248,,received_disconnect,sshd[21565],Received disconnect,,221.194.47.208,,,
Mar 28 05:17:45,10-77-20-248,,disconnected,sshd[21565],Disconnected,22,1.194.47.208,,,
Mar 28 05:20:01,10-77-20-248,,invalid_user_proper,sshd[21567],Invalid user,admin,118.180.18.102,,,
Mar 28 05:20:01,10-77-20-248,,invalid_user_userauth,sshd[21567],invalid user,admin,,,,
Mar 28 05:20:02,10-77-20-248,sshd[21567]: error: maximum authentication attempts exceeded for invalid user admin from 118.180.18.102 port 44162 ssh2 [preauth],unknown pattern,,,,,,,
Mar 28 05:20:02,10-77-20-248,sshd[21567]: Disconnecting: Too many authentication failures [preauth],unknown pattern,,,,,,,
Mar 28 05:35:12,10-77-20-248,,received_disconnect,sshd[21580],Received disconnect,,221.194.47.224,,,
Mar 28 05:35:12,10-77-20-248,,disconnected,sshd[21580],Disconnected,22,1.194.47.224,,,
Mar 28 05:42:50,10-77-20-248,,received_disconnect,sshd[21582],Received disconnect,,121.18.238.104,,,
Mar 28 05:42:50,10-77-20-248,,disconnected,sshd[21582],Disconnected,12,1.18.238.104,,,
Mar 28 06:02:13,10-77-20-248,,received_disconnect,sshd[21595],Received disconnect,,121.18.238.114,,,
Mar 28 06:02:13,10-77-20-248,,disconnected,sshd[21595],Disconnected,12,1.18.238.114,,,
Mar 28 06:04:50,10-77-20-248,,received_disconnect,sshd[21597],Received disconnect,,221.194.47.208,,,
Mar 28 06:04:50,10-77-20-248,,disconnected,sshd[21597],Disconnected,22,1.194.47.208,,,
Mar 28 06:07:01,10-77-20-248,,invalid_user_proper,sshd[21599],Invalid user,test,5.144.9.33,,,
Mar 28 06:07:01,10-77-20-248,,invalid_user_userauth,sshd[21599],invalid user,test,,,,
Mar 28 06:07:02,10-77-20-248,sshd[21599]: error: maximum authentication attempts exceeded for invalid user test from 5.144.9.33 port 34892 ssh2 [preauth],unknown pattern,,,,,,,
Mar 28 06:07:02,10-77-20-248,sshd[21599]: Disconnecting: Too many authentication failures [preauth],unknown pattern,,,,,,,
Mar 28 06:17:01,10-77-20-248,,pam_session,CRON[21601],session opened,root,,,,
Mar 28 06:17:01,10-77-20-248,,pam_session,CRON[21601],session closed,root,,,,
Mar 28 06:20:06,10-77-20-248,,received_disconnect,sshd[21604],Received disconnect,,121.18.238.98,,,
Mar 28 06:20:06,10-77-20-248,,disconnected,sshd[21604],Disconnected,12,1.18.238.98,,,
Mar 28 06:25:01,10-77-20-248,,pam_session,CRON[21617],session opened,root,,,,
Mar 28 06:25:06,10-77-20-248,,pam_session,CRON[21617],session closed,root,,,,
Mar 28 06:28:31,10-77-20-248,,received_disconnect,sshd[21727],Received disconnect,,221.194.47.224,,,
Mar 28 06:28:31,10-77-20-248,,disconnected,sshd[21727],Disconnected,22,1.194.47.224,,,
Mar 28 06:29:51,10-77-20-248,,invalid_user_proper,sshd[21731],Invalid user,0,91.197.232.109,,,
Mar 28 06:29:51,10-77-20-248,,invalid_user_userauth,sshd[21731],invalid user,0,,,,
Mar 28 06:29:51,10-77-20-248,sshd[21731]: Connection closed by 91.197.232.109 port 53756 [preauth],unknown pattern,,,,,,,
Mar 28 06:29:51,10-77-20-248,sshd[21729]: error: maximum authentication attempts exceeded for root from 79.165.2.209 port 3628 ssh2 [preauth],unknown pattern,,,,,,,
Mar 28 06:29:51,10-77-20-248,sshd[21729]: Disconnecting: Too many authentication failures [preauth],unknown pattern,,,,,,,
Mar 28 06:29:51,10-77-20-248,,invalid_user_proper,sshd[21759],Invalid user,0000,91.197.232.109,,,
Mar 28 06:29:51,10-77-20-248,,invalid_user_userauth,sshd[21759],invalid user,0000,,,,
Mar 28 06:29:51,10-77-20-248,sshd[21759]: Connection closed by 91.197.232.109 port 38383 [preauth],unknown pattern,,,,,,,
Mar 28 06:29:52,10-77-20-248,,invalid_user_proper,sshd[21835],Invalid user,010101,91.197.232.109,,,
Mar 28 06:29:52,10-77-20-248,,invalid_user_userauth,sshd[21835],invalid user,010101,,,,
Mar 28 06:29:52,10-77-20-248,sshd[21835]: Connection closed by 91.197.232.109 port 45525 [preauth],unknown pattern,,,,,,,
Mar 28 06:29:52,10-77-20-248,,invalid_user_proper,sshd[21837],Invalid user,1111,91.197.232.109,,,
Mar 28 06:29:52,10-77-20-248,,invalid_user_userauth,sshd[21837],invalid user,1111,,,,
Mar 28 06:29:52,10-77-20-248,sshd[21837]: Connection closed by 91.197.232.109 port 55772 [preauth],unknown pattern,,,,,,,
Mar 28 06:29:55,10-77-20-248,sshd[21924]: Connection closed by 91.197.232.109 port 57972 [preauth],unknown pattern,,,,,,,
Mar 28 06:29:55,10-77-20-248,,invalid_user_proper,sshd[21926],Invalid user,1234,91.197.232.109,,,
Mar 28 06:29:55,10-77-20-248,,invalid_user_userauth,sshd[21926],invalid user,1234,,,,
Mar 28 06:29:56,10-77-20-248,sshd[21926]: Connection closed by 91.197.232.109 port 55094 [preauth],unknown pattern,,,,,,,
Mar 28 06:29:56,10-77-20-248,,invalid_user_proper,sshd[21928],Invalid user,admin,91.197.232.109,,,
Mar 28 06:29:56,10-77-20-248,,invalid_user_userauth,sshd[21928],invalid user,admin,,,,
Mar 28 06:29:56,10-77-20-248,sshd[21928]: Connection closed by 91.197.232.109 port 34063 [preauth],unknown pattern,,,,,,,
Mar 28 06:29:57,10-77-20-248,,invalid_user_proper,sshd[21930],Invalid user,admin,91.197.232.109,,,
Mar 28 06:29:57,10-77-20-248,,invalid_user_userauth,sshd[21930],invalid user,admin,,,,
Mar 28 06:29:57,10-77-20-248,sshd[21930]: Connection closed by 91.197.232.109 port 38595 [preauth],unknown pattern,,,,,,,
Mar 28 06:29:58,10-77-20-248,,invalid_user_proper,sshd[21932],Invalid user,admin,91.197.232.109,,,
Mar 28 06:29:58,10-77-20-248,,invalid_user_userauth,sshd[21932],invalid user,admin,,,,
Mar 28 06:29:58,10-77-20-248,sshd[21932]: Connection closed by 91.197.232.109 port 40954 [preauth],unknown pattern,,,,,,,
Mar 28 06:30:01,10-77-20-248,,invalid_user_proper,sshd[21934],Invalid user,admin,91.197.232.109,,,
Mar 28 06:30:01,10-77-20-248,,invalid_user_userauth,sshd[21934],invalid user,admin,,,,
Mar 28 06:30:02,10-77-20-248,sshd[21934]: Connection closed by 91.197.232.109 port 48910 [preauth],unknown pattern,,,,,,,
Mar 28 06:30:05,10-77-20-248,,invalid_user_proper,sshd[21936],Invalid user,admin,91.197.232.109,,,
Mar 28 06:30:05,10-77-20-248,,invalid_user_userauth,sshd[21936],invalid user,admin,,,,
Mar 28 06:30:05,10-77-20-248,sshd[21936]: Connection closed by 91.197.232.109 port 43731 [preauth],unknown pattern,,,,,,,
Mar 28 06:30:06,10-77-20-248,sshd[21938]: Connection closed by 91.197.232.109 port 51284 [preauth],unknown pattern,,,,,,,
Mar 28 06:30:07,10-77-20-248,,invalid_user_proper,sshd[21940],Invalid user,api,91.197.232.109,,,
Mar 28 06:30:07,10-77-20-248,,invalid_user_userauth,sshd[21940],invalid user,api,,,,
Mar 28 06:30:07,10-77-20-248,sshd[21940]: Connection closed by 91.197.232.109 port 53429 [preauth],unknown pattern,,,,,,,
Mar 28 06:30:08,10-77-20-248,,invalid_user_proper,sshd[21942],Invalid user,dbadmin,91.197.232.109,,,
Mar 28 06:30:08,10-77-20-248,,invalid_user_userauth,sshd[21942],invalid user,dbadmin,,,,
Mar 28 06:30:08,10-77-20-248,sshd[21942]: Connection closed by 91.197.232.109 port 58291 [preauth],unknown pattern,,,,,,,
Mar 28 06:30:10,10-77-20-248,,invalid_user_proper,sshd[21944],Invalid user,default,91.197.232.109,,,
Mar 28 06:30:10,10-77-20-248,,invalid_user_userauth,sshd[21944],invalid user,default,,,,
Mar 28 06:30:10,10-77-20-248,sshd[21944]: Connection closed by 91.197.232.109 port 60460 [preauth],unknown pattern,,,,,,,
Mar 28 06:30:11,10-77-20-248,,invalid_user_proper,sshd[21946],Invalid user,ftp,91.197.232.109,,,
Mar 28 06:30:11,10-77-20-248,,invalid_user_userauth,sshd[21946],invalid user,ftp,,,,
Mar 28 06:30:11,10-77-20-248,sshd[21946]: Connection closed by 91.197.232.109 port 37862 [preauth],unknown pattern,,,,,,,
Mar 28 06:30:12,10-77-20-248,,invalid_user_proper,sshd[21948],Invalid user,ftp,91.197.232.109,,,
Mar 28 06:30:12,10-77-20-248,,invalid_user_userauth,sshd[21948],invalid user,ftp,,,,
Mar 28 06:30:12,10-77-20-248,sshd[21948]: Connection closed by 91.197.232.109 port 41214 [preauth],unknown pattern,,,,,,,
Mar 28 06:30:13,10-77-20-248,,invalid_user_proper,sshd[21950],Invalid user,ftpuser,91.197.232.109,,,
Mar 28 06:30:13,10-77-20-248,,invalid_user_userauth,sshd[21950],invalid user,ftpuser,,,,
Mar 28 06:30:13,10-77-20-248,sshd[21950]: Connection closed by 91.197.232.109 port 45087 [preauth],unknown pattern,,,,,,,
Mar 28 06:30:14,10-77-20-248,,invalid_user_proper,sshd[21952],Invalid user,git,91.197.232.109,,,
Mar 28 06:30:14,10-77-20-248,,invalid_user_userauth,sshd[21952],invalid user,git,,,,
Mar 28 06:30:14,10-77-20-248,sshd[21952]: Connection closed by 91.197.232.109 port 46587 [preauth],unknown pattern,,,,,,,
Mar 28 06:30:15,10-77-20-248,,invalid_user_proper,sshd[21954],Invalid user,gpadmin,91.197.232.109,,,
Mar 28 06:30:15,10-77-20-248,,invalid_user_userauth,sshd[21954],invalid user,gpadmin,,,,
Mar 28 06:30:15,10-77-20-248,sshd[21954]: Connection closed by 91.197.232.109 port 51479 [preauth],unknown pattern,,,,,,,
Mar 28 06:30:16,10-77-20-248,,invalid_user_proper,sshd[21999],Invalid user,guest,91.197.232.109,,,
Mar 28 06:30:16,10-77-20-248,,invalid_user_userauth,sshd[21999],invalid user,guest,,,,
Mar 28 06:30:16,10-77-20-248,sshd[21999]: Connection closed by 91.197.232.109 port 55635 [preauth],unknown pattern,,,,,,,
Mar 28 06:30:16,10-77-20-248,sshd[22001]: Connection closed by 91.197.232.109 port 57334 [preauth],unknown pattern,,,,,,,
Mar 28 06:30:17,10-77-20-248,,invalid_user_proper,sshd[22003],Invalid user,monitor,91.197.232.109,,,
Mar 28 06:30:17,10-77-20-248,,invalid_user_userauth,sshd[22003],invalid user,monitor,,,,
Mar 28 06:30:17,10-77-20-248,sshd[22003]: Connection closed by 91.197.232.109 port 58736 [preauth],unknown pattern,,,,,,,
Mar 28 06:30:18,10-77-20-248,,invalid_user_proper,sshd[22048],Invalid user,operator,91.197.232.109,,,
Mar 28 06:30:18,10-77-20-248,,invalid_user_userauth,sshd[22048],invalid user,operator,,,,
Mar 28 06:30:18,10-77-20-248,sshd[22048]: Connection closed by 91.197.232.109 port 33246 [preauth],unknown pattern,,,,,,,
Mar 28 06:30:18,10-77-20-248,,invalid_user_proper,sshd[22050],Invalid user,osmc,91.197.232.109,,,
Mar 28 06:30:18,10-77-20-248,,invalid_user_userauth,sshd[22050],invalid user,osmc,,,,
Mar 28 06:30:18,10-77-20-248,sshd[22050]: Connection closed by 91.197.232.109 port 34692 [preauth],unknown pattern,,,,,,,
Mar 28 06:30:19,10-77-20-248,,invalid_user_proper,sshd[22052],Invalid user,pi,91.197.232.109,,,
Mar 28 06:30:19,10-77-20-248,,invalid_user_userauth,sshd[22052],invalid user,pi,,,,
Mar 28 06:30:19,10-77-20-248,sshd[22052]: Connection closed by 91.197.232.109 port 37298 [preauth],unknown pattern,,,,,,,
Mar 28 06:30:20,10-77-20-248,sshd[22054]: Connection closed by 91.197.232.109 port 40183 [preauth],unknown pattern,,,,,,,
Mar 28 06:30:21,10-77-20-248,sshd[22056]: Connection closed by 91.197.232.109 port 41779 [preauth],unknown pattern,,,,,,,
Mar 28 06:30:23,10-77-20-248,sshd[22058]: Connection closed by 91.197.232.109 port 58821 [preauth],unknown pattern,,,,,,,
Mar 28 06:30:23,10-77-20-248,sshd[22060]: Connection closed by 91.197.232.109 port 59206 [preauth],unknown pattern,,,,,,,
Mar 28 06:30:25,10-77-20-248,,invalid_user_proper,sshd[22062],Invalid user,service,91.197.232.109,,,
Mar 28 06:30:25,10-77-20-248,,invalid_user_userauth,sshd[22062],invalid user,service,,,,
Mar 28 06:30:25,10-77-20-248,sshd[22062]: Connection closed by 91.197.232.109 port 43358 [preauth],unknown pattern,,,,,,,
Mar 28 06:30:25,10-77-20-248,,invalid_user_proper,sshd[22064],Invalid user,support,91.197.232.109,,,
Mar 28 06:30:25,10-77-20-248,,invalid_user_userauth,sshd[22064],invalid user,support,,,,
Mar 28 06:30:25,10-77-20-248,sshd[22064]: Connection closed by 91.197.232.109 port 34531 [preauth],unknown pattern,,,,,,,
Mar 28 06:30:26,10-77-20-248,,invalid_user_proper,sshd[22066],Invalid user,telecomadmin,91.197.232.109,,,
Mar 28 06:30:26,10-77-20-248,,invalid_user_userauth,sshd[22066],invalid user,telecomadmin,,,,
Mar 28 06:30:26,10-77-20-248,sshd[22066]: Connection closed by 91.197.232.109 port 42772 [preauth],unknown pattern,,,,,,,
Mar 28 06:30:26,10-77-20-248,,invalid_user_proper,sshd[22068],Invalid user,test,91.197.232.109,,,
Mar 28 06:30:26,10-77-20-248,,invalid_user_userauth,sshd[22068],invalid user,test,,,,
Mar 28 06:30:26,10-77-20-248,sshd[22068]: Connection closed by 91.197.232.109 port 44262 [preauth],unknown pattern,,,,,,,
Mar 28 06:30:27,10-77-20-248,,invalid_user_proper,sshd[22070],Invalid user,ubnt,91.197.232.109,,,
Mar 28 06:30:27,10-77-20-248,,invalid_user_userauth,sshd[22070],invalid user,ubnt,,,,
Mar 28 06:30:27,10-77-20-248,sshd[22070]: Connection closed by 91.197.232.109 port 45931 [preauth],unknown pattern,,,,,,,
Mar 28 06:30:29,10-77-20-248,sshd[22072]: Connection closed by 91.197.232.109 port 56936 [preauth],unknown pattern,,,,,,,
Mar 28 06:30:29,10-77-20-248,,invalid_user_proper,sshd[22074],Invalid user,user,91.197.232.109,,,
Mar 28 06:30:29,10-77-20-248,,invalid_user_userauth,sshd[22074],invalid user,user,,,,
Mar 28 06:30:30,10-77-20-248,sshd[22074]: Connection closed by 91.197.232.109 port 60771 [preauth],unknown pattern,,,,,,,
Mar 28 06:42:14,10-77-20-248,,received_disconnect,sshd[22372],Received disconnect,,121.18.238.114,,,
Mar 28 06:42:14,10-77-20-248,,disconnected,sshd[22372],Disconnected,12,1.18.238.114,,,
Mar 28 06:55:48,10-77-20-248,,received_disconnect,sshd[22385],Received disconnect,,121.18.238.109,,,
Mar 28 06:55:48,10-77-20-248,,disconnected,sshd[22385],Disconnected,12,1.18.238.109,,,
Mar 28 06:57:37,10-77-20-248,,received_disconnect,sshd[22387],Received disconnect,,221.194.47.224,,,
Mar 28 06:57:37,10-77-20-248,,disconnected,sshd[22387],Disconnected,22,1.194.47.224,,,
Mar 28 07:02:58,10-77-20-248,,received_disconnect,sshd[22389],Received disconnect,,221.194.44.195,,,
Mar 28 07:02:58,10-77-20-248,,disconnected,sshd[22389],Disconnected,22,1.194.44.195,,,
Mar 28 07:05:49,10-77-20-248,,received_disconnect,sshd[22391],Received disconnect,,221.194.44.231,,,
Mar 28 07:05:49,10-77-20-248,,disconnected,sshd[22391],Disconnected,22,1.194.44.231,,,
Mar 28 07:17:01,10-77-20-248,,pam_session,CRON[22404],session opened,root,,,,
Mar 28 07:17:01,10-77-20-248,,pam_session,CRON[22404],session closed,root,,,,
Mar 28 07:22:40,10-77-20-248,,received_disconnect,sshd[22407],Received disconnect,,121.18.238.98,,,
Mar 28 07:22:40,10-77-20-248,,disconnected,sshd[22407],Disconnected,12,1.18.238.98,,,
Mar 28 07:24:30,10-77-20-248,,received_disconnect,sshd[22409],Received disconnect,,119.249.54.71,,,
Mar 28 07:24:30,10-77-20-248,,disconnected,sshd[22409],Disconnected,11,9.249.54.71,,,
Mar 28 07:25:32,10-77-20-248,sshd[22411]: Connection closed by 221.194.44.195 port 44946 [preauth],unknown pattern,,,,,,,
Mar 28 07:33:41,10-77-20-248,,received_disconnect,sshd[22413],Received disconnect,,221.194.47.249,,,
Mar 28 07:33:41,10-77-20-248,,disconnected,sshd[22413],Disconnected,22,1.194.47.249,,,
Mar 28 07:33:50,10-77-20-248,,received_disconnect,sshd[22415],Received disconnect,,121.18.238.98,,,
Mar 28 07:33:50,10-77-20-248,,disconnected,sshd[22415],Disconnected,12,1.18.238.98,,,
Mar 28 07:36:15,10-77-20-248,,received_disconnect,sshd[22417],Received disconnect,,119.249.54.71,,,
Mar 28 07:36:15,10-77-20-248,,disconnected,sshd[22417],Disconnected,11,9.249.54.71,,,
Mar 28 07:36:30,10-77-20-248,,invalid_user_proper,sshd[22419],Invalid user,admin,14.185.87.49,,,
Mar 28 07:36:30,10-77-20-248,,invalid_user_userauth,sshd[22419],invalid user,admin,,,,
Mar 28 07:36:32,10-77-20-248,sshd[22419]: error: maximum authentication attempts exceeded for invalid user admin from 14.185.87.49 port 47825 ssh2 [preauth],unknown pattern,,,,,,,
Mar 28 07:36:32,10-77-20-248,sshd[22419]: Disconnecting: Too many authentication failures [preauth],unknown pattern,,,,,,,
Mar 28 07:36:40,10-77-20-248,,received_disconnect,sshd[22421],Received disconnect,,221.194.44.195,,,
Mar 28 07:36:40,10-77-20-248,,disconnected,sshd[22421],Disconnected,22,1.194.44.195,,,
Mar 28 07:44:12,10-77-20-248,,received_disconnect,sshd[22434],Received disconnect,,221.194.44.211,,,
Mar 28 07:44:12,10-77-20-248,,disconnected,sshd[22434],Disconnected,22,1.194.44.211,,,
Mar 28 07:44:51,10-77-20-248,,received_disconnect,sshd[22436],Received disconnect,,121.18.238.109,,,
Mar 28 07:44:51,10-77-20-248,,disconnected,sshd[22436],Disconnected,12,1.18.238.109,,,
Mar 28 07:47:12,10-77-20-248,,received_disconnect,sshd[22438],Received disconnect,,221.194.47.208,,,
Mar 28 07:47:12,10-77-20-248,,disconnected,sshd[22438],Disconnected,22,1.194.47.208,,,
Mar 28 07:47:41,10-77-20-248,,received_disconnect,sshd[22440],Received disconnect,,121.18.238.114,,,
Mar 28 07:47:41,10-77-20-248,,disconnected,sshd[22440],Disconnected,12,1.18.238.114,,,
Mar 28 07:55:14,10-77-20-248,,received_disconnect,sshd[22442],Received disconnect,,221.194.44.211,,,
Mar 28 07:55:14,10-77-20-248,,disconnected,sshd[22442],Disconnected,22,1.194.44.211,,,
Mar 28 07:55:47,10-77-20-248,,received_disconnect,sshd[22444],Received disconnect,,121.18.238.104,,,
Mar 28 07:55:47,10-77-20-248,,disconnected,sshd[22444],Disconnected,12,1.18.238.104,,,
Mar 28 07:58:47,10-77-20-248,,received_disconnect,sshd[22446],Received disconnect,,221.194.44.224,,,
Mar 28 07:58:47,10-77-20-248,,disconnected,sshd[22446],Disconnected,22,1.194.44.224,,,
Mar 28 07:59:39,10-77-20-248,,received_disconnect,sshd[22448],Received disconnect,,121.18.238.114,,,
Mar 28 07:59:39,10-77-20-248,,disconnected,sshd[22448],Disconnected,12,1.18.238.114,,,
Mar 28 08:06:36,10-77-20-248,,received_disconnect,sshd[22450],Received disconnect,,221.194.44.211,,,
Mar 28 08:06:36,10-77-20-248,,disconnected,sshd[22450],Disconnected,22,1.194.44.211,,,
Mar 28 08:07:34,10-77-20-248,,received_disconnect,sshd[22452],Received disconnect,,121.18.238.104,,,
Mar 28 08:07:34,10-77-20-248,,disconnected,sshd[22452],Disconnected,12,1.18.238.104,,,
Mar 28 08:11:14,10-77-20-248,,received_disconnect,sshd[22465],Received disconnect,,221.194.44.195,,,
Mar 28 08:11:14,10-77-20-248,,disconnected,sshd[22465],Disconnected,22,1.194.44.195,,,
Mar 28 08:12:41,10-77-20-248,,received_disconnect,sshd[22467],Received disconnect,,221.194.44.231,,,
Mar 28 08:12:41,10-77-20-248,,disconnected,sshd[22467],Disconnected,22,1.194.44.231,,,
Mar 28 08:17:01,10-77-20-248,,pam_session,CRON[22469],session opened,root,,,,
Mar 28 08:17:01,10-77-20-248,,pam_session,CRON[22469],session closed,root,,,,
Mar 28 08:18:12,10-77-20-248,,received_disconnect,sshd[22472],Received disconnect,,221.194.47.249,,,
Mar 28 08:18:12,10-77-20-248,,disconnected,sshd[22472],Disconnected,22,1.194.47.249,,,
Mar 28 08:19:15,10-77-20-248,,received_disconnect,sshd[22474],Received disconnect,,121.18.238.109,,,
Mar 28 08:19:15,10-77-20-248,,disconnected,sshd[22474],Disconnected,12,1.18.238.109,,,
Mar 28 08:23:12,10-77-20-248,,received_disconnect,sshd[22476],Received disconnect,,221.194.44.224,,,
Mar 28 08:23:12,10-77-20-248,,disconnected,sshd[22476],Disconnected,22,1.194.44.224,,,
Mar 28 08:29:59,10-77-20-248,,received_disconnect,sshd[22478],Received disconnect,,221.194.47.224,,,
Mar 28 08:29:59,10-77-20-248,,disconnected,sshd[22478],Disconnected,22,1.194.47.224,,,
Mar 28 08:31:04,10-77-20-248,,received_disconnect,sshd[22480],Received disconnect,,121.18.238.104,,,
Mar 28 08:31:04,10-77-20-248,,disconnected,sshd[22480],Disconnected,12,1.18.238.104,,,
Mar 28 08:36:35,10-77-20-248,,received_disconnect,sshd[22493],Received disconnect,,221.194.44.195,,,
Mar 28 08:36:35,10-77-20-248,,disconnected,sshd[22493],Disconnected,22,1.194.44.195,,,
Mar 28 08:39:14,10-77-20-248,,invalid_user_proper,sshd[22495],Invalid user,test,190.96.200.229,,,
Mar 28 08:39:14,10-77-20-248,,invalid_user_userauth,sshd[22495],invalid user,test,,,,
Mar 28 08:39:15,10-77-20-248,sshd[22495]: error: maximum authentication attempts exceeded for invalid user test from 190.96.200.229 port 36706 ssh2 [preauth],unknown pattern,,,,,,,
Mar 28 08:39:15,10-77-20-248,sshd[22495]: Disconnecting: Too many authentication failures [preauth],unknown pattern,,,,,,,
Mar 28 08:39:43,10-77-20-248,,received_disconnect,sshd[22497],Received disconnect,,221.194.44.231,,,
Mar 28 08:39:43,10-77-20-248,,disconnected,sshd[22497],Disconnected,22,1.194.44.231,,,
Mar 28 08:50:09,10-77-20-248,,received_disconnect,sshd[22499],Received disconnect,,221.194.44.195,,,
Mar 28 08:50:09,10-77-20-248,,disconnected,sshd[22499],Disconnected,22,1.194.44.195,,,
Mar 28 08:51:42,10-77-20-248,,received_disconnect,sshd[22501],Received disconnect,,221.194.47.224,,,
Mar 28 08:51:42,10-77-20-248,,disconnected,sshd[22501],Disconnected,22,1.194.47.224,,,
Mar 28 08:52:19,10-77-20-248,,received_disconnect,sshd[22503],Received disconnect,,218.65.30.61,,,
Mar 28 08:52:19,10-77-20-248,,disconnected,sshd[22503],Disconnected,21,8.65.30.61,,,
Mar 28 08:54:24,10-77-20-248,,received_disconnect,sshd[22505],Received disconnect,,119.249.54.71,,,
Mar 28 08:54:24,10-77-20-248,,disconnected,sshd[22505],Disconnected,11,9.249.54.71,,,
Mar 28 08:55:57,10-77-20-248,,received_disconnect,sshd[22518],Received disconnect,,94.177.177.106,,,
Mar 28 08:55:57,10-77-20-248,,disconnected,sshd[22518],Disconnected,9,4.177.177.106,,,
Mar 28 08:56:45,10-77-20-248,,received_disconnect,sshd[22520],Received disconnect,,121.18.238.109,,,
Mar 28 08:56:45,10-77-20-248,,disconnected,sshd[22520],Disconnected,12,1.18.238.109,,,
Mar 28 09:03:37,10-77-20-248,,received_disconnect,sshd[22522],Received disconnect,,221.194.47.208,,,
Mar 28 09:03:37,10-77-20-248,,disconnected,sshd[22522],Disconnected,22,1.194.47.208,,,
Mar 28 09:03:54,10-77-20-248,,received_disconnect,sshd[22524],Received disconnect,,221.194.47.224,,,
Mar 28 09:03:54,10-77-20-248,,disconnected,sshd[22524],Disconnected,22,1.194.47.224,,,
Mar 28 09:10:38,10-77-20-248,,received_disconnect,sshd[22526],Received disconnect,,119.249.54.71,,,
Mar 28 09:10:38,10-77-20-248,,disconnected,sshd[22526],Disconnected,11,9.249.54.71,,,
Mar 28 09:16:03,10-77-20-248,,invalid_user_proper,sshd[22528],Invalid user,sybase,5.74.204.136,,,
Mar 28 09:16:03,10-77-20-248,,invalid_user_userauth,sshd[22528],invalid user,sybase,,,,
Mar 28 09:16:04,10-77-20-248,sshd[22528]: error: maximum authentication attempts exceeded for invalid user sybase from 5.74.204.136 port 47450 ssh2 [preauth],unknown pattern,,,,,,,
Mar 28 09:16:04,10-77-20-248,sshd[22528]: Disconnecting: Too many authentication failures [preauth],unknown pattern,,,,,,,
Mar 28 09:16:11,10-77-20-248,,invalid_user_proper,sshd[22530],Invalid user,admin,5.74.204.136,,,
Mar 28 09:16:11,10-77-20-248,,invalid_user_userauth,sshd[22530],invalid user,admin,,,,
Mar 28 09:16:13,10-77-20-248,sshd[22530]: error: maximum authentication attempts exceeded for invalid user admin from 5.74.204.136 port 47470 ssh2 [preauth],unknown pattern,,,,,,,
Mar 28 09:16:13,10-77-20-248,sshd[22530]: Disconnecting: Too many authentication failures [preauth],unknown pattern,,,,,,,
Mar 28 09:17:01,10-77-20-248,,pam_session,CRON[22532],session opened,root,,,,
Mar 28 09:17:01,10-77-20-248,,pam_session,CRON[22532],session closed,root,,,,
Mar 28 09:18:15,10-77-20-248,,received_disconnect,sshd[22535],Received disconnect,,110.232.143.106,,,
Mar 28 09:18:15,10-77-20-248,,disconnected,sshd[22535],Disconnected,11,0.232.143.106,,,
Mar 28 09:19:50,10-77-20-248,,received_disconnect,sshd[22537],Received disconnect,,221.194.44.195,,,
Mar 28 09:19:50,10-77-20-248,,disconnected,sshd[22537],Disconnected,22,1.194.44.195,,,
Mar 28 09:20:46,10-77-20-248,,invalid_user_proper,sshd[22539],Invalid user,admin1,186.133.159.181,,,
Mar 28 09:20:46,10-77-20-248,,invalid_user_userauth,sshd[22539],invalid user,admin1,,,,
Mar 28 09:20:48,10-77-20-248,sshd[22539]: error: maximum authentication attempts exceeded for invalid user admin1 from 186.133.159.181 port 59070 ssh2 [preauth],unknown pattern,,,,,,,
Mar 28 09:20:48,10-77-20-248,sshd[22539]: Disconnecting: Too many authentication failures [preauth],unknown pattern,,,,,,,
Mar 28 09:20:50,10-77-20-248,sshd[22541]: error: maximum authentication attempts exceeded for root from 186.133.159.181 port 59076 ssh2 [preauth],unknown pattern,,,,,,,
Mar 28 09:20:50,10-77-20-248,sshd[22541]: Disconnecting: Too many authentication failures [preauth],unknown pattern,,,,,,,
Mar 28 09:20:54,10-77-20-248,sshd[22543]: error: maximum authentication attempts exceeded for root from 186.133.159.181 port 59089 ssh2 [preauth],unknown pattern,,,,,,,
Mar 28 09:20:54,10-77-20-248,sshd[22543]: Disconnecting: Too many authentication failures [preauth],unknown pattern,,,,,,,
Mar 28 09:21:00,10-77-20-248,,invalid_user_proper,sshd[22545],Invalid user,newadmin,186.133.159.181,,,
Mar 28 09:21:00,10-77-20-248,,invalid_user_userauth,sshd[22545],invalid user,newadmin,,,,
Mar 28 09:21:02,10-77-20-248,sshd[22545]: error: maximum authentication attempts exceeded for invalid user newadmin from 186.133.159.181 port 59116 ssh2 [preauth],unknown pattern,,,,,,,
Mar 28 09:21:02,10-77-20-248,sshd[22545]: Disconnecting: Too many authentication failures [preauth],unknown pattern,,,,,,,
Mar 28 09:21:18,10-77-20-248,sshd[22547]: error: maximum authentication attempts exceeded for www-data from 186.133.159.181 port 59221 ssh2 [preauth],unknown pattern,,,,,,,
Mar 28 09:21:18,10-77-20-248,sshd[22547]: Disconnecting: Too many authentication failures [preauth],unknown pattern,,,,,,,
Mar 28 09:24:03,10-77-20-248,sshd[22560]: error: maximum authentication attempts exceeded for root from 218.60.136.106 port 56197 ssh2 [preauth],unknown pattern,,,,,,,
Mar 28 09:24:03,10-77-20-248,sshd[22560]: Disconnecting: Too many authentication failures [preauth],unknown pattern,,,,,,,
Mar 28 09:26:54,10-77-20-248,,received_disconnect,sshd[22562],Received disconnect,,119.249.54.71,,,
Mar 28 09:26:54,10-77-20-248,,disconnected,sshd[22562],Disconnected,11,9.249.54.71,,,
Mar 28 09:32:30,10-77-20-248,sshd[22564]: error: maximum authentication attempts exceeded for root from 58.19.145.242 port 52991 ssh2 [preauth],unknown pattern,,,,,,,
Mar 28 09:32:30,10-77-20-248,sshd[22564]: Disconnecting: Too many authentication failures [preauth],unknown pattern,,,,,,,
Mar 28 09:34:38,10-77-20-248,sshd[22566]: error: maximum authentication attempts exceeded for root from 117.192.138.116 port 57298 ssh2 [preauth],unknown pattern,,,,,,,
Mar 28 09:34:38,10-77-20-248,sshd[22566]: Disconnecting: Too many authentication failures [preauth],unknown pattern,,,,,,,
Mar 28 09:52:50,10-77-20-248,,invalid_user_proper,sshd[22579],Invalid user,test,112.237.146.110,,,
Mar 28 09:52:50,10-77-20-248,,invalid_user_userauth,sshd[22579],invalid user,test,,,,
Mar 28 09:52:53,10-77-20-248,sshd[22579]: error: maximum authentication attempts exceeded for invalid user test from 112.237.146.110 port 42936 ssh2 [preauth],unknown pattern,,,,,,,
Mar 28 09:52:53,10-77-20-248,sshd[22579]: Disconnecting: Too many authentication failures [preauth],unknown pattern,,,,,,,
Mar 28 10:04:15,10-77-20-248,,invalid_user_proper,sshd[22581],Invalid user,admin,179.37.3.130,,,
Mar 28 10:04:15,10-77-20-248,,invalid_user_userauth,sshd[22581],invalid user,admin,,,,
Mar 28 10:04:17,10-77-20-248,sshd[22581]: error: maximum authentication attempts exceeded for invalid user admin from 179.37.3.130 port 57639 ssh2 [preauth],unknown pattern,,,,,,,
Mar 28 10:04:17,10-77-20-248,sshd[22581]: Disconnecting: Too many authentication failures [preauth],unknown pattern,,,,,,,
Mar 28 10:17:01,10-77-20-248,,pam_session,CRON[22594],session opened,root,,,,
Mar 28 10:17:01,10-77-20-248,,pam_session,CRON[22594],session closed,root,,,,
Mar 28 10:23:57,10-77-20-248,,ssh_login,sshd[22597],Accepted publickey,ubuntu,85.245.107.41,,,
Mar 28 10:23:57,10-77-20-248,,pam_session,sshd[22597],session opened,ubuntu,,,,
Mar 28 10:23:57,10-77-20-248,,pam_session,systemd,session opened,ubuntu,,,,
Mar 28 10:23:57,10-77-20-248,systemd-logind[1118]: New session 29 of user ubuntu.,unknown pattern,,,,,,,
Mar 28 10:24:45,10-77-20-248,,received_disconnect,sshd[22678],Received disconnect,,121.18.238.98,,,
Mar 28 10:24:45,10-77-20-248,,disconnected,sshd[22678],Disconnected,12,1.18.238.98,,,
Mar 28 10:32:01,10-77-20-248,,invalid_user_proper,sshd[22680],Invalid user,deployer,217.100.114.122,,,
Mar 28 10:32:01,10-77-20-248,,invalid_user_userauth,sshd[22680],invalid user,deployer,,,,
Mar 28 10:32:01,10-77-20-248,sshd[22680]: error: maximum authentication attempts exceeded for invalid user deployer from 217.100.114.122 port 37795 ssh2 [preauth],unknown pattern,,,,,,,
Mar 28 10:32:01,10-77-20-248,sshd[22680]: Disconnecting: Too many authentication failures [preauth],unknown pattern,,,,,,,
Mar 28 10:33:30,10-77-20-248,,received_disconnect,sshd[22658],Received disconnect,,85.245.107.41,,,
Mar 28 10:33:30,10-77-20-248,,disconnected,sshd[22658],Disconnected,8,5.245.107.41,,,
Mar 28 10:33:30,10-77-20-248,,pam_session,sshd[22597],session closed,ubuntu,,,,
Mar 28 10:33:30,10-77-20-248,systemd-logind[1118]: Removed session 29.,unknown pattern,,,,,,,
Mar 28 10:33:30,10-77-20-248,,pam_session,systemd,session closed,ubuntu,,,,
Mar 28 10:43:16,10-77-20-248,,received_disconnect,sshd[22704],Received disconnect,,221.194.47.249,,,
Mar 28 10:43:16,10-77-20-248,,disconnected,sshd[22704],Disconnected,22,1.194.47.249,,,
Mar 28 10:52:44,10-77-20-248,,received_disconnect,sshd[22706],Received disconnect,,169.45.249.204,,,
Mar 28 10:52:44,10-77-20-248,,disconnected,sshd[22706],Disconnected,16,9.45.249.204,,,
Mar 28 10:59:41,10-77-20-248,,received_disconnect,sshd[22708],Received disconnect,,118.212.135.3,,,
Mar 28 10:59:41,10-77-20-248,,disconnected,sshd[22708],Disconnected,11,8.212.135.3,,,
Mar 28 11:02:16,10-77-20-248,,ssh_login,sshd[22710],Accepted publickey,ubuntu,85.245.107.41,,,
Mar 28 11:02:16,10-77-20-248,,pam_session,sshd[22710],session opened,ubuntu,,,,
Mar 28 11:02:16,10-77-20-248,,pam_session,systemd,session opened,ubuntu,,,,
Mar 28 11:02:16,10-77-20-248,systemd-logind[1118]: New session 30 of user ubuntu.,unknown pattern,,,,,,,
Mar 28 11:03:31,10-77-20-248,,sudo,sudo,,,,ubuntu,root,/usr/bin/apt-get install metricbeat
Mar 28 11:03:31,10-77-20-248,,pam_session,sudo,session opened,root,,,,
Mar 28 11:03:35,10-77-20-248,,pam_session,sudo,session closed,root,,,,
Mar 28 11:03:51,10-77-20-248,,sudo,sudo,,,,ubuntu,root,/usr/bin/vim /etc/filebeat/filebeat.yml
Mar 28 11:03:51,10-77-20-248,,pam_session,sudo,session opened,root,,,,
Mar 28 11:04:00,10-77-20-248,,pam_session,sudo,session closed,root,,,,
Mar 28 11:04:09,10-77-20-248,,sudo,sudo,,,,ubuntu,root,/usr/bin/vim /etc/metricbeat/metricbeat.yml
Mar 28 11:04:09,10-77-20-248,,pam_session,sudo,session opened,root,,,,
Mar 28 11:05:29,10-77-20-248,,pam_session,sudo,session closed,root,,,,
Mar 28 11:05:34,10-77-20-248,,sudo,sudo,,,,ubuntu,root,/usr/bin/vim /etc/metricbeat/metricbeat.yml
Mar 28 11:05:34,10-77-20-248,,pam_session,sudo,session opened,root,,,,
Mar 28 11:05:37,10-77-20-248,,pam_session,sudo,session closed,root,,,,
Mar 28 11:06:28,10-77-20-248,,sudo,sudo,,,,ubuntu,root,/usr/sbin/service metricbeat start
Mar 28 11:06:28,10-77-20-248,,pam_session,sudo,session opened,root,,,,
Mar 28 11:06:29,10-77-20-248,,pam_session,sudo,session closed,root,,,,
Mar 28 11:06:31,10-77-20-248,,sudo,sudo,,,,ubuntu,root,/bin/su
Mar 28 11:06:31,10-77-20-248,,pam_session,sudo,session opened,root,,,,
Mar 28 11:06:31,10-77-20-248,su[23010]: Successful su for root by root,unknown pattern,,,,,,,
Mar 28 11:06:31,10-77-20-248,su[23010]: + /dev/pts/0 root:root,unknown pattern,,,,,,,
Mar 28 11:06:31,10-77-20-248,,pam_session,su[23010],session opened,root,,,,
Mar 28 11:06:31,10-77-20-248,su[23010]: pam_systemd(su:session): Cannot create session: Already running in a session,unknown pattern,,,,,,,
Mar 28 11:17:01,10-77-20-248,,pam_session,CRON[23035],session opened,root,,,,
Mar 28 11:17:01,10-77-20-248,,pam_session,CRON[23035],session closed,root,,,,
Mar 28 11:19:47,10-77-20-248,,received_disconnect,sshd[23039],Received disconnect,,121.18.238.98,,,
Mar 28 11:19:47,10-77-20-248,,disconnected,sshd[23039],Disconnected,12,1.18.238.98,,,
Mar 28 11:23:08,10-77-20-248,,pam_session,su[23010],session closed,root,,,,
Mar 28 11:23:08,10-77-20-248,,pam_session,sudo,session closed,root,,,,
Mar 28 11:24:52,10-77-20-248,,sudo,sudo,,,,ubuntu,root,/bin/cp metricbeat-5.2.2-darwin-x86_64/metricbeat /usr/local/bin/
Mar 28 11:24:52,10-77-20-248,,pam_session,sudo,session opened,root,,,,
Mar 28 11:24:52,10-77-20-248,,pam_session,sudo,session closed,root,,,,
Mar 28 11:24:57,10-77-20-248,,sudo,sudo,,,,ubuntu,root,/bin/mkdir -p /etc/metricbeat
Mar 28 11:24:57,10-77-20-248,,pam_session,sudo,session opened,root,,,,
Mar 28 11:24:57,10-77-20-248,,pam_session,sudo,session closed,root,,,,
Mar 28 11:27:38,10-77-20-248,,sudo,sudo,,,,ubuntu,root,/bin/rm /usr/local/bin/metricbeat
Mar 28 11:27:38,10-77-20-248,,pam_session,sudo,session opened,root,,,,
Mar 28 11:27:38,10-77-20-248,,pam_session,sudo,session closed,root,,,,
Mar 28 11:27:40,10-77-20-248,,received_disconnect,sshd[22749],Received disconnect,,85.245.107.41,,,
Mar 28 11:27:40,10-77-20-248,,disconnected,sshd[22749],Disconnected,8,5.245.107.41,,,
Mar 28 11:27:40,10-77-20-248,,pam_session,sshd[22710],session closed,ubuntu,,,,
Mar 28 11:27:40,10-77-20-248,systemd-logind[1118]: Removed session 30.,unknown pattern,,,,,,,
Mar 28 11:29:11,10-77-20-248,,invalid_user_proper,sshd[23096],Invalid user,cloud,39.71.33.50,,,
Mar 28 11:29:11,10-77-20-248,,invalid_user_userauth,sshd[23096],invalid user,cloud,,,,
Mar 28 11:29:13,10-77-20-248,sshd[23096]: error: maximum authentication attempts exceeded for invalid user cloud from 39.71.33.50 port 46515 ssh2 [preauth],unknown pattern,,,,,,,
Mar 28 11:29:13,10-77-20-248,sshd[23096]: Disconnecting: Too many authentication failures [preauth],unknown pattern,,,,,,,
Mar 28 11:38:07,10-77-20-248,,received_disconnect,sshd[23109],Received disconnect,,221.194.44.195,,,
Mar 28 11:38:07,10-77-20-248,,disconnected,sshd[23109],Disconnected,22,1.194.44.195,,,
Mar 28 11:44:57,10-77-20-248,,received_disconnect,sshd[23111],Received disconnect,,121.18.238.114,,,
Mar 28 11:44:57,10-77-20-248,,disconnected,sshd[23111],Disconnected,12,1.18.238.114,,,
Mar 28 11:46:35,10-77-20-248,,received_disconnect,sshd[23113],Received disconnect,,221.194.47.224,,,
Mar 28 11:46:35,10-77-20-248,,disconnected,sshd[23113],Disconnected,22,1.194.47.224,,,
Mar 28 11:48:31,10-77-20-248,sshd[23115]: error: maximum authentication attempts exceeded for root from 115.211.146.244 port 46004 ssh2 [preauth],unknown pattern,,,,,,,
Mar 28 11:48:31,10-77-20-248,sshd[23115]: Disconnecting: Too many authentication failures [preauth],unknown pattern,,,,,,,
Mar 28 11:53:24,10-77-20-248,sshd[23117]: error: maximum authentication attempts exceeded for root from 221.122.101.203 port 41541 ssh2 [preauth],unknown pattern,,,,,,,
Mar 28 11:53:24,10-77-20-248,sshd[23117]: Disconnecting: Too many authentication failures [preauth],unknown pattern,,,,,,,
Mar 28 11:55:30,10-77-20-248,,invalid_user_proper,sshd[23130],Invalid user,admin,190.97.81.95,,,
Mar 28 11:55:30,10-77-20-248,,invalid_user_userauth,sshd[23130],invalid user,admin,,,,
Mar 28 11:55:31,10-77-20-248,sshd[23130]: error: maximum authentication attempts exceeded for invalid user admin from 190.97.81.95 port 57607 ssh2 [preauth],unknown pattern,,,,,,,
Mar 28 11:55:31,10-77-20-248,sshd[23130]: Disconnecting: Too many authentication failures [preauth],unknown pattern,,,,,,,
Mar 28 12:01:35,10-77-20-248,,ssh_login,sshd[23132],Accepted publickey,ubuntu,85.245.107.41,,,
Mar 28 12:01:35,10-77-20-248,,pam_session,sshd[23132],session opened,ubuntu,,,,
Mar 28 12:01:35,10-77-20-248,,pam_session,systemd,session opened,ubuntu,,,,
Mar 28 12:01:35,10-77-20-248,systemd-logind[1118]: New session 32 of user ubuntu.,unknown pattern,,,,,,,
Mar 28 12:01:38,10-77-20-248,,received_disconnect,sshd[23193],Received disconnect,,85.245.107.41,,,
Mar 28 12:01:38,10-77-20-248,,disconnected,sshd[23193],Disconnected,8,5.245.107.41,,,
Mar 28 12:01:38,10-77-20-248,,pam_session,sshd[23132],session closed,ubuntu,,,,
Mar 28 12:01:38,10-77-20-248,systemd-logind[1118]: Removed session 32.,unknown pattern,,,,,,,
Mar 28 12:01:46,10-77-20-248,,ssh_login,sshd[23219],Accepted publickey,ubuntu,85.245.107.41,,,
Mar 28 12:01:46,10-77-20-248,,pam_session,sshd[23219],session opened,ubuntu,,,,
Mar 28 12:01:46,10-77-20-248,,pam_session,systemd,session opened,ubuntu,,,,
Mar 28 12:01:46,10-77-20-248,systemd-logind[1118]: New session 33 of user ubuntu.,unknown pattern,,,,,,,
Mar 28 12:02:06,10-77-20-248,,sudo,sudo,,,,ubuntu,root,/usr/bin/apt-get install python3
Mar 28 12:02:06,10-77-20-248,,pam_session,sudo,session opened,root,,,,
Mar 28 12:02:06,10-77-20-248,,pam_session,sudo,session closed,root,,,,
Mar 28 12:02:19,10-77-20-248,,received_disconnect,sshd[23258],Received disconnect,,85.245.107.41,,,
Mar 28 12:02:19,10-77-20-248,,disconnected,sshd[23258],Disconnected,8,5.245.107.41,,,
Mar 28 12:02:19,10-77-20-248,,pam_session,sshd[23219],session closed,ubuntu,,,,
Mar 28 12:02:19,10-77-20-248,systemd-logind[1118]: Removed session 33.,unknown pattern,,,,,,,
Mar 28 12:02:19,10-77-20-248,,pam_session,systemd,session closed,ubuntu,,,,
Mar 28 12:03:14,10-77-20-248,,ssh_login,sshd[23289],Accepted publickey,ubuntu,85.245.107.41,,,
Mar 28 12:03:14,10-77-20-248,,pam_session,sshd[23289],session opened,ubuntu,,,,
Mar 28 12:03:14,10-77-20-248,,pam_session,systemd,session opened,ubuntu,,,,
Mar 28 12:03:14,10-77-20-248,systemd-logind[1118]: New session 34 of user ubuntu.,unknown pattern,,,,,,,
Mar 28 12:03:14,10-77-20-248,,received_disconnect,sshd[23328],Received disconnect,,85.245.107.41,,,
Mar 28 12:03:14,10-77-20-248,,disconnected,sshd[23328],Disconnected,8,5.245.107.41,,,
Mar 28 12:03:14,10-77-20-248,,pam_session,sshd[23289],session closed,ubuntu,,,,
Mar 28 12:03:14,10-77-20-248,systemd-logind[1118]: Removed session 34.,unknown pattern,,,,,,,
Mar 28 12:03:17,10-77-20-248,,ssh_login,sshd[23338],Accepted publickey,ubuntu,85.245.107.41,,,
Mar 28 12:03:17,10-77-20-248,,pam_session,sshd[23338],session opened,ubuntu,,,,
Mar 28 12:03:17,10-77-20-248,,pam_session,systemd,session opened,ubuntu,,,,
Mar 28 12:03:17,10-77-20-248,systemd-logind[1118]: New session 35 of user ubuntu.,unknown pattern,,,,,,,
Mar 28 12:03:36,10-77-20-248,,sudo,sudo,,,,ubuntu,root,/usr/bin/apt install python-pip
Mar 28 12:03:36,10-77-20-248,,pam_session,sudo,session opened,root,,,,
Mar 28 12:04:00,10-77-20-248,,pam_session,sudo,session closed,root,,,,
Mar 28 12:10:01,10-77-20-248,sshd[28990]: error: maximum authentication attempts exceeded for root from 113.124.141.181 port 39128 ssh2 [preauth],unknown pattern,,,,,,,
Mar 28 12:10:01,10-77-20-248,sshd[28990]: Disconnecting: Too many authentication failures [preauth],unknown pattern,,,,,,,
Mar 28 12:17:01,10-77-20-248,,pam_session,CRON[28992],session opened,root,,,,
Mar 28 12:17:01,10-77-20-248,,pam_session,CRON[28992],session closed,root,,,,
Mar 28 13:17:01,10-77-20-248,,pam_session,CRON[29028],session opened,root,,,,
Mar 28 13:17:01,10-77-20-248,,pam_session,CRON[29028],session closed,root,,,,
Mar 28 14:09:41,10-77-20-248,,received_disconnect,sshd[23377],Received disconnect,,85.245.107.41,,,
Mar 28 14:09:41,10-77-20-248,,disconnected,sshd[23377],Disconnected,8,5.245.107.41,,,
Mar 28 14:09:41,10-77-20-248,,pam_session,sshd[23338],session closed,ubuntu,,,,
Mar 28 14:09:41,10-77-20-248,systemd-logind[1118]: Removed session 35.,unknown pattern,,,,,,,
Mar 28 14:09:55,10-77-20-248,,ssh_login,sshd[29069],Accepted publickey,ubuntu,85.245.107.41,,,
Mar 28 14:09:55,10-77-20-248,,pam_session,sshd[29069],session opened,ubuntu,,,,
Mar 28 14:09:55,10-77-20-248,,pam_session,systemd,session opened,ubuntu,,,,
Mar 28 14:09:55,10-77-20-248,systemd-logind[1118]: New session 38 of user ubuntu.,unknown pattern,,,,,,,
Mar 28 14:17:01,10-77-20-248,,pam_session,CRON[29189],session opened,root,,,,
Mar 28 14:17:01,10-77-20-248,,pam_session,CRON[29189],session closed,root,,,,
Mar 28 14:31:32,10-77-20-248,,received_disconnect,sshd[29192],Received disconnect,,121.18.238.104,,,
Mar 28 14:31:32,10-77-20-248,,disconnected,sshd[29192],Disconnected,12,1.18.238.104,,,
Mar 28 14:32:48,10-77-20-248,,received_disconnect,sshd[29194],Received disconnect,,121.18.238.114,,,
Mar 28 14:32:48,10-77-20-248,,disconnected,sshd[29194],Disconnected,12,1.18.238.114,,,
Mar 28 14:41:07,10-77-20-248,,received_disconnect,sshd[29207],Received disconnect,,221.194.47.208,,,
Mar 28 14:41:07,10-77-20-248,,disconnected,sshd[29207],Disconnected,22,1.194.47.208,,,
Mar 28 14:47:48,10-77-20-248,sshd[29211]: Connection closed by 71.6.135.131 port 52545 [preauth],unknown pattern,,,,,,,
Mar 28 14:47:50,10-77-20-248,sshd[29209]: Connection closed by 71.6.135.131 port 52423 [preauth],unknown pattern,,,,,,,
Mar 28 14:48:27,10-77-20-248,,invalid_user_proper,sshd[29213],Invalid user,admin,5.141.40.99,,,
Mar 28 14:48:27,10-77-20-248,,invalid_user_userauth,sshd[29213],invalid user,admin,,,,
Mar 28 14:48:28,10-77-20-248,sshd[29213]: error: maximum authentication attempts exceeded for invalid user admin from 5.141.40.99 port 58941 ssh2 [preauth],unknown pattern,,,,,,,
Mar 28 14:48:28,10-77-20-248,sshd[29213]: Disconnecting: Too many authentication failures [preauth],unknown pattern,,,,,,,
Mar 28 15:05:02,10-77-20-248,,received_disconnect,sshd[29215],Received disconnect,,221.194.44.211,,,
Mar 28 15:05:02,10-77-20-248,,disconnected,sshd[29215],Disconnected,22,1.194.44.211,,,
Mar 28 15:17:01,10-77-20-248,,pam_session,CRON[29228],session opened,root,,,,
Mar 28 15:17:01,10-77-20-248,,pam_session,CRON[29228],session closed,root,,,,
Mar 28 15:36:45,10-77-20-248,,received_disconnect,sshd[29242],Received disconnect,,185.140.248.171,,,
Mar 28 15:36:45,10-77-20-248,,disconnected,sshd[29242],Disconnected,18,5.140.248.171,,,
Mar 28 15:45:18,10-77-20-248,,received_disconnect,sshd[29244],Received disconnect,,121.18.238.104,,,
Mar 28 15:45:18,10-77-20-248,,disconnected,sshd[29244],Disconnected,12,1.18.238.104,,,
Mar 28 16:17:01,10-77-20-248,,pam_session,CRON[29257],session opened,root,,,,
Mar 28 16:17:01,10-77-20-248,,pam_session,CRON[29257],session closed,root,,,,
Mar 28 16:22:59,10-77-20-248,sshd[29260]: error: maximum authentication attempts exceeded for root from 143.208.24.234 port 43420 ssh2 [preauth],unknown pattern,,,,,,,
Mar 28 16:22:59,10-77-20-248,sshd[29260]: Disconnecting: Too many authentication failures [preauth],unknown pattern,,,,,,,
Mar 28 16:25:04,10-77-20-248,,invalid_user_proper,sshd[29262],Invalid user,temp,115.58.179.206,,,
Mar 28 16:25:04,10-77-20-248,,invalid_user_userauth,sshd[29262],invalid user,temp,,,,
Mar 28 16:25:08,10-77-20-248,sshd[29262]: error: maximum authentication attempts exceeded for invalid user temp from 115.58.179.206 port 45883 ssh2 [preauth],unknown pattern,,,,,,,
Mar 28 16:25:08,10-77-20-248,sshd[29262]: Disconnecting: Too many authentication failures [preauth],unknown pattern,,,,,,,
Mar 28 17:13:05,10-77-20-248,,invalid_user_proper,sshd[29286],Invalid user,admin,201.178.186.182,,,
Mar 28 17:13:05,10-77-20-248,,invalid_user_userauth,sshd[29286],invalid user,admin,,,,
Mar 28 17:13:06,10-77-20-248,sshd[29286]: error: maximum authentication attempts exceeded for invalid user admin from 201.178.186.182 port 57564 ssh2 [preauth],unknown pattern,,,,,,,
Mar 28 17:13:06,10-77-20-248,sshd[29286]: Disconnecting: Too many authentication failures [preauth],unknown pattern,,,,,,,
Mar 28 17:17:01,10-77-20-248,,pam_session,CRON[29299],session opened,root,,,,
Mar 28 17:17:01,10-77-20-248,,pam_session,CRON[29299],session closed,root,,,,
Mar 28 17:25:23,10-77-20-248,sshd[29302]: fatal: Unable to negotiate with 116.7.243.198 port 21303: no matching key exchange method found. Their offer: diffie-hellman-group1-sha1 [preauth],unknown pattern,,,,,,,
Mar 28 17:25:26,10-77-20-248,sshd[29304]: Did not receive identification string from 116.7.243.198,unknown pattern,,,,,,,
Mar 28 17:37:43,10-77-20-248,sshd[29305]: Did not receive identification string from 178.63.69.201,unknown pattern,,,,,,,
Mar 28 17:59:00,10-77-20-248,sshd[29317]: error: maximum authentication attempts exceeded for root from 123.96.41.232 port 39083 ssh2 [preauth],unknown pattern,,,,,,,
Mar 28 17:59:00,10-77-20-248,sshd[29317]: Disconnecting: Too many authentication failures [preauth],unknown pattern,,,,,,,
Mar 28 18:05:43,10-77-20-248,,invalid_user_proper,sshd[29319],Invalid user,0,91.197.232.109,,,
Mar 28 18:05:43,10-77-20-248,,invalid_user_userauth,sshd[29319],invalid user,0,,,,
Mar 28 18:05:43,10-77-20-248,sshd[29319]: Connection closed by 91.197.232.109 port 44563 [preauth],unknown pattern,,,,,,,
Mar 28 18:05:43,10-77-20-248,,invalid_user_proper,sshd[29321],Invalid user,0000,91.197.232.109,,,
Mar 28 18:05:43,10-77-20-248,,invalid_user_userauth,sshd[29321],invalid user,0000,,,,
Mar 28 18:05:43,10-77-20-248,sshd[29321]: Connection closed by 91.197.232.109 port 55032 [preauth],unknown pattern,,,,,,,
Mar 28 18:05:44,10-77-20-248,,invalid_user_proper,sshd[29323],Invalid user,010101,91.197.232.109,,,
Mar 28 18:05:44,10-77-20-248,,invalid_user_userauth,sshd[29323],invalid user,010101,,,,
Mar 28 18:05:44,10-77-20-248,sshd[29323]: Connection closed by 91.197.232.109 port 58345 [preauth],unknown pattern,,,,,,,
Mar 28 18:05:46,10-77-20-248,,invalid_user_proper,sshd[29325],Invalid user,1111,91.197.232.109,,,
Mar 28 18:05:46,10-77-20-248,,invalid_user_userauth,sshd[29325],invalid user,1111,,,,
Mar 28 18:05:46,10-77-20-248,sshd[29325]: Connection closed by 91.197.232.109 port 33754 [preauth],unknown pattern,,,,,,,
Mar 28 18:05:47,10-77-20-248,sshd[29327]: Connection closed by 91.197.232.109 port 49477 [preauth],unknown pattern,,,,,,,
Mar 28 18:05:49,10-77-20-248,,invalid_user_proper,sshd[29329],Invalid user,1234,91.197.232.109,,,
Mar 28 18:05:49,10-77-20-248,,invalid_user_userauth,sshd[29329],invalid user,1234,,,,
Mar 28 18:05:49,10-77-20-248,sshd[29329]: Connection closed by 91.197.232.109 port 55010 [preauth],unknown pattern,,,,,,,
Mar 28 18:05:55,10-77-20-248,,invalid_user_proper,sshd[29331],Invalid user,admin,91.197.232.109,,,
Mar 28 18:05:55,10-77-20-248,,invalid_user_userauth,sshd[29331],invalid user,admin,,,,
Mar 28 18:05:56,10-77-20-248,sshd[29331]: Connection closed by 91.197.232.109 port 37111 [preauth],unknown pattern,,,,,,,
Mar 28 18:05:56,10-77-20-248,,invalid_user_proper,sshd[29333],Invalid user,admin,91.197.232.109,,,
Mar 28 18:05:56,10-77-20-248,,invalid_user_userauth,sshd[29333],invalid user,admin,,,,
Mar 28 18:05:57,10-77-20-248,sshd[29333]: Connection closed by 91.197.232.109 port 56766 [preauth],unknown pattern,,,,,,,
Mar 28 18:05:58,10-77-20-248,,invalid_user_proper,sshd[29335],Invalid user,admin,91.197.232.109,,,
Mar 28 18:05:58,10-77-20-248,,invalid_user_userauth,sshd[29335],invalid user,admin,,,,
Mar 28 18:05:59,10-77-20-248,sshd[29335]: Connection closed by 91.197.232.109 port 51548 [preauth],unknown pattern,,,,,,,
Mar 28 18:05:59,10-77-20-248,,invalid_user_proper,sshd[29337],Invalid user,admin,91.197.232.109,,,
Mar 28 18:05:59,10-77-20-248,,invalid_user_userauth,sshd[29337],invalid user,admin,,,,
Mar 28 18:06:01,10-77-20-248,sshd[29337]: Connection closed by 91.197.232.109 port 55276 [preauth],unknown pattern,,,,,,,
Mar 28 18:06:03,10-77-20-248,,invalid_user_proper,sshd[29339],Invalid user,admin,91.197.232.109,,,
Mar 28 18:06:03,10-77-20-248,,invalid_user_userauth,sshd[29339],invalid user,admin,,,,
Mar 28 18:06:04,10-77-20-248,sshd[29339]: Connection closed by 91.197.232.109 port 49657 [preauth],unknown pattern,,,,,,,
Mar 28 18:06:06,10-77-20-248,sshd[29341]: Connection closed by 91.197.232.109 port 34433 [preauth],unknown pattern,,,,,,,
Mar 28 18:06:07,10-77-20-248,,invalid_user_proper,sshd[29343],Invalid user,api,91.197.232.109,,,
Mar 28 18:06:07,10-77-20-248,,invalid_user_userauth,sshd[29343],invalid user,api,,,,
Mar 28 18:06:07,10-77-20-248,sshd[29343]: Connection closed by 91.197.232.109 port 36373 [preauth],unknown pattern,,,,,,,
Mar 28 18:06:08,10-77-20-248,,invalid_user_proper,sshd[29345],Invalid user,dbadmin,91.197.232.109,,,
Mar 28 18:06:08,10-77-20-248,,invalid_user_userauth,sshd[29345],invalid user,dbadmin,,,,
Mar 28 18:06:08,10-77-20-248,sshd[29345]: Connection closed by 91.197.232.109 port 53486 [preauth],unknown pattern,,,,,,,
Mar 28 18:06:08,10-77-20-248,,invalid_user_proper,sshd[29347],Invalid user,default,91.197.232.109,,,
Mar 28 18:06:08,10-77-20-248,,invalid_user_userauth,sshd[29347],invalid user,default,,,,
Mar 28 18:06:08,10-77-20-248,sshd[29347]: Connection closed by 91.197.232.109 port 55542 [preauth],unknown pattern,,,,,,,
Mar 28 18:06:10,10-77-20-248,,invalid_user_proper,sshd[29349],Invalid user,ftp,91.197.232.109,,,
Mar 28 18:06:10,10-77-20-248,,invalid_user_userauth,sshd[29349],invalid user,ftp,,,,
Mar 28 18:06:10,10-77-20-248,sshd[29349]: Connection closed by 91.197.232.109 port 58003 [preauth],unknown pattern,,,,,,,
Mar 28 18:06:11,10-77-20-248,,invalid_user_proper,sshd[29351],Invalid user,ftp,91.197.232.109,,,
Mar 28 18:06:11,10-77-20-248,,invalid_user_userauth,sshd[29351],invalid user,ftp,,,,
Mar 28 18:06:11,10-77-20-248,sshd[29351]: Connection closed by 91.197.232.109 port 53029 [preauth],unknown pattern,,,,,,,
Mar 28 18:06:13,10-77-20-248,,invalid_user_proper,sshd[29353],Invalid user,ftpuser,91.197.232.109,,,
Mar 28 18:06:13,10-77-20-248,,invalid_user_userauth,sshd[29353],invalid user,ftpuser,,,,
Mar 28 18:06:13,10-77-20-248,sshd[29353]: Connection closed by 91.197.232.109 port 57006 [preauth],unknown pattern,,,,,,,
Mar 28 18:06:14,10-77-20-248,,invalid_user_proper,sshd[29355],Invalid user,git,91.197.232.109,,,
Mar 28 18:06:14,10-77-20-248,,invalid_user_userauth,sshd[29355],invalid user,git,,,,
Mar 28 18:06:14,10-77-20-248,sshd[29355]: Connection closed by 91.197.232.109 port 42936 [preauth],unknown pattern,,,,,,,
Mar 28 18:06:15,10-77-20-248,,invalid_user_proper,sshd[29357],Invalid user,gpadmin,91.197.232.109,,,
Mar 28 18:06:15,10-77-20-248,,invalid_user_userauth,sshd[29357],invalid user,gpadmin,,,,
Mar 28 18:06:15,10-77-20-248,sshd[29357]: Connection closed by 91.197.232.109 port 47747 [preauth],unknown pattern,,,,,,,
Mar 28 18:06:16,10-77-20-248,,invalid_user_proper,sshd[29359],Invalid user,guest,91.197.232.109,,,
Mar 28 18:06:16,10-77-20-248,,invalid_user_userauth,sshd[29359],invalid user,guest,,,,
Mar 28 18:06:16,10-77-20-248,sshd[29359]: Connection closed by 91.197.232.109 port 57306 [preauth],unknown pattern,,,,,,,
Mar 28 18:06:16,10-77-20-248,sshd[29361]: Connection closed by 91.197.232.109 port 35957 [preauth],unknown pattern,,,,,,,
Mar 28 18:06:17,10-77-20-248,,invalid_user_proper,sshd[29363],Invalid user,monitor,91.197.232.109,,,
Mar 28 18:06:17,10-77-20-248,,invalid_user_userauth,sshd[29363],invalid user,monitor,,,,
Mar 28 18:06:18,10-77-20-248,sshd[29363]: Connection closed by 91.197.232.109 port 51340 [preauth],unknown pattern,,,,,,,
Mar 28 18:06:18,10-77-20-248,,invalid_user_proper,sshd[29365],Invalid user,operator,91.197.232.109,,,
Mar 28 18:06:18,10-77-20-248,,invalid_user_userauth,sshd[29365],invalid user,operator,,,,
Mar 28 18:06:19,10-77-20-248,sshd[29365]: Connection closed by 91.197.232.109 port 35605 [preauth],unknown pattern,,,,,,,
Mar 28 18:06:19,10-77-20-248,,invalid_user_proper,sshd[29367],Invalid user,osmc,91.197.232.109,,,
Mar 28 18:06:19,10-77-20-248,,invalid_user_userauth,sshd[29367],invalid user,osmc,,,,
Mar 28 18:06:19,10-77-20-248,sshd[29367]: Connection closed by 91.197.232.109 port 39254 [preauth],unknown pattern,,,,,,,
Mar 28 18:06:20,10-77-20-248,,invalid_user_proper,sshd[29369],Invalid user,pi,91.197.232.109,,,
Mar 28 18:06:20,10-77-20-248,,invalid_user_userauth,sshd[29369],invalid user,pi,,,,
Mar 28 18:06:20,10-77-20-248,sshd[29369]: Connection closed by 91.197.232.109 port 46667 [preauth],unknown pattern,,,,,,,
Mar 28 18:06:21,10-77-20-248,sshd[29371]: Connection closed by 91.197.232.109 port 58773 [preauth],unknown pattern,,,,,,,
Mar 28 18:06:23,10-77-20-248,sshd[29373]: Connection closed by 91.197.232.109 port 35158 [preauth],unknown pattern,,,,,,,
Mar 28 18:06:25,10-77-20-248,sshd[29375]: Connection closed by 91.197.232.109 port 46855 [preauth],unknown pattern,,,,,,,
Mar 28 18:06:25,10-77-20-248,sshd[29377]: Connection closed by 91.197.232.109 port 46881 [preauth],unknown pattern,,,,,,,
Mar 28 18:06:26,10-77-20-248,,invalid_user_proper,sshd[29379],Invalid user,service,91.197.232.109,,,
Mar 28 18:06:26,10-77-20-248,,invalid_user_userauth,sshd[29379],invalid user,service,,,,
Mar 28 18:06:26,10-77-20-248,sshd[29379]: Connection closed by 91.197.232.109 port 35303 [preauth],unknown pattern,,,,,,,
Mar 28 18:06:27,10-77-20-248,,invalid_user_proper,sshd[29381],Invalid user,support,91.197.232.109,,,
Mar 28 18:06:27,10-77-20-248,,invalid_user_userauth,sshd[29381],invalid user,support,,,,
Mar 28 18:06:27,10-77-20-248,sshd[29381]: Connection closed by 91.197.232.109 port 40185 [preauth],unknown pattern,,,,,,,
Mar 28 18:06:28,10-77-20-248,,invalid_user_proper,sshd[29383],Invalid user,telecomadmin,91.197.232.109,,,
Mar 28 18:06:28,10-77-20-248,,invalid_user_userauth,sshd[29383],invalid user,telecomadmin,,,,
Mar 28 18:06:28,10-77-20-248,sshd[29383]: Connection closed by 91.197.232.109 port 40034 [preauth],unknown pattern,,,,,,,
Mar 28 18:06:29,10-77-20-248,,invalid_user_proper,sshd[29385],Invalid user,test,91.197.232.109,,,
Mar 28 18:06:29,10-77-20-248,,invalid_user_userauth,sshd[29385],invalid user,test,,,,
Mar 28 18:06:29,10-77-20-248,sshd[29385]: Connection closed by 91.197.232.109 port 48128 [preauth],unknown pattern,,,,,,,
Mar 28 18:06:30,10-77-20-248,,invalid_user_proper,sshd[29387],Invalid user,ubnt,91.197.232.109,,,
Mar 28 18:06:30,10-77-20-248,,invalid_user_userauth,sshd[29387],invalid user,ubnt,,,,
Mar 28 18:06:30,10-77-20-248,sshd[29387]: Connection closed by 91.197.232.109 port 50869 [preauth],unknown pattern,,,,,,,
Mar 28 18:06:30,10-77-20-248,sshd[29389]: Connection closed by 91.197.232.109 port 36178 [preauth],unknown pattern,,,,,,,
Mar 28 18:06:31,10-77-20-248,,invalid_user_proper,sshd[29391],Invalid user,user,91.197.232.109,,,
Mar 28 18:06:31,10-77-20-248,,invalid_user_userauth,sshd[29391],invalid user,user,,,,
Mar 28 18:06:31,10-77-20-248,sshd[29391]: Connection closed by 91.197.232.109 port 41120 [preauth],unknown pattern,,,,,,,
Mar 28 18:16:56,10-77-20-248,,invalid_user_proper,sshd[29404],Invalid user,user,123.115.51.110,,,
Mar 28 18:16:56,10-77-20-248,,invalid_user_userauth,sshd[29404],invalid user,user,,,,
Mar 28 18:16:58,10-77-20-248,sshd[29404]: error: maximum authentication attempts exceeded for invalid user user from 123.115.51.110 port 52143 ssh2 [preauth],unknown pattern,,,,,,,
Mar 28 18:16:58,10-77-20-248,sshd[29404]: Disconnecting: Too many authentication failures [preauth],unknown pattern,,,,,,,
Mar 28 18:17:01,10-77-20-248,,pam_session,CRON[29406],session opened,root,,,,
Mar 28 18:17:01,10-77-20-248,,pam_session,CRON[29406],session closed,root,,,,
Mar 28 19:00:25,10-77-20-248,,received_disconnect,sshd[29133],Received disconnect,,85.245.107.41,,,
Mar 28 19:00:25,10-77-20-248,,disconnected,sshd[29133],Disconnected,8,5.245.107.41,,,
Mar 28 19:00:25,10-77-20-248,,pam_session,sshd[29069],session closed,ubuntu,,,,
Mar 28 19:00:25,10-77-20-248,systemd-logind[1118]: Removed session 38.,unknown pattern,,,,,,,
Mar 28 19:00:25,10-77-20-248,,pam_session,systemd,session closed,ubuntu,,,,
Mar 28 19:00:30,10-77-20-248,,ssh_login,sshd[29442],Accepted publickey,ubuntu,85.245.107.41,,,
Mar 28 19:00:30,10-77-20-248,,pam_session,sshd[29442],session opened,ubuntu,,,,
Mar 28 19:00:30,10-77-20-248,,pam_session,systemd,session opened,ubuntu,,,,
Mar 28 19:00:30,10-77-20-248,systemd-logind[1118]: New session 44 of user ubuntu.,unknown pattern,,,,,,,
Mar 28 19:01:41,10-77-20-248,,sudo,sudo,,,,ubuntu,root,/usr/bin/vim /etc/ssh/sshd_config
Mar 28 19:01:41,10-77-20-248,,pam_session,sudo,session opened,root,,,,
Mar 28 19:02:04,10-77-20-248,,pam_session,sudo,session closed,root,,,,
Mar 28 19:02:28,10-77-20-248,,sudo,sudo,,,,ubuntu,root,/usr/sbin/service ssh restart
Mar 28 19:02:28,10-77-20-248,,pam_session,sudo,session opened,root,,,,
